work_ref,audit_value,cost_days,travel_cluster,cum_days,rs_exposure,priority,visit_order,state_name,recommended_amount,work_description
MP3019436-W119849,91820820.93743911,1.0,"Lakshadweep, LAKSHADWEEP(ST)",1.0,40531122.67912603,0.7551466204078924,1,Lakshadweep,75742166.0,Procurement of MRI Mechine to Hospital Agatti
MP3019436-W17821,49857291.72576949,0.25,"Lakshadweep, LAKSHADWEEP(ST)",1.25,0.0,0.6313096067530232,2,Lakshadweep,26324797.0,Providing 2 Nos 1010 KV DG sets to Power House Andrott
MP3042791-W270039,22650908.795325924,0.25,"Lakshadweep, LAKSHADWEEP(ST)",1.5,26873959.587674778,0.42142857142857215,3,Lakshadweep,30626949.0,"Providing Sports Park facilities to Valiyabhoomi, Kadmat"
MP3017243-W275442,83521744.078083,1.0,"Karnataka, Sitting Rajya Sabha",2.5,41266789.822013594,0.6746485849623698,4,Karnataka,44000000.0,"Purchase of Medical Equipments for NICU at Shimoga Institute of Medical Sciences, Shivamogga"
MP3017243-W281928,46827648.0579825,0.25,"Karnataka, Sitting Rajya Sabha",2.75,19100215.60355161,0.6129204118679565,5,Karnataka,20000000.0,Construction of Vijayanagara District Cultural Center (Rangamandira) at Hospete - Phase 1
MP3017243-W281929,46827648.0579825,0.25,"Karnataka, Sitting Rajya Sabha",3.0,19100215.60355161,0.6129204118679565,6,Karnataka,20000000.0,Construction of Vijayanagara District Cultural Center (Rangamandira) at Hospete - Phase 2
MP3017243-W141524,31084511.27819544,0.25,"Karnataka, Sitting Rajya Sabha",3.25,0.0,0.4872180451127812,7,Karnataka,31900000.0,SETTING UP OF BIONEST - BIO - INCUBATION CENTRE AT IIT DHARWAD
MP3017304-W65656,83490562.85757628,1.0,"Tamil Nadu, Sitting Rajya Sabha",4.25,0.0,0.6965268950219684,8,Tamil Nadu,39955654.0,"Construction of Public Waiting Hall, Toilet and Canteen at Government Head Hospital Complex, Kumbakonam"
MP3017368-W239327,66969307.79181274,1.0,"Odisha, Sitting Rajya Sabha",5.25,36851791.19505697,0.6057535298383318,9,Odisha,49500000.0,Setting up of NaMo Semiconductor Laboratory at IIT Bhubaneswar
MP3019002-W14785,62794257.0462702,1.0,"Gujarat, AHMEDABAD EAST",6.25,0.0,0.8970839340812469,10,Gujarat,17499549.0,"Saraspur Primary School No.3/4 managed by Nagar Primary Education Committee, Ahmedabad, transform it as Smart School (Including Joyful Learning Classroom-1, Smart Panel-8, Science and Math Lab, Furniture and TV-1, 3D Education Chart – 9400 Sq.Ft., 3D Paint – 15000 Sq.Ft., Fancy Benches (Standard 1 to 4)-102, White Board-11, Sports Kit-4, Playground Equipment-12, Sound System-2, Musical Instruments-1 Set, Astronomical Telescope-1, Stem & Robotics lab 1 including furniture"
MP3017318-W149419,62735196.00733699,1.0,"Chhattisgarh, Sitting Rajya Sabha",7.25,0.0,0.6970577334148554,11,Chhattisgarh,30000000.0,"I propose the construction of a state-ofthe-art public (digital) library in Kanker,
with a planned seating capacity of 250-300
individuals at ward no. 09, Aklavya Hostal
Bhanupratappur Kanker"
MP3056872-W255473,15651606.528414007,0.25,"Tamil Nadu, Sitting Rajya Sabha",7.5,13043005.440345006,0.6,12,Tamil Nadu,15000000.0,Reconstruction of road bridge cum regulator at mile 65-0 of New kattalai high level canal in Palaganangudy village of Thiruverumbur taluk in Tiruchirapalli district
MP3020002-W163848,59576031.889538616,1.0,"Delhi, NEW DELHI",8.5,0.0,0.6221716029897578,13,Delhi,31918328.0,Development of Heritage Park at Ajmal Khan Park Ward No 83 Karol Bagh Zone under Waste of Art under MPLADS funds
MP3020002-W163773,33938884.66286974,0.25,"Delhi, NEW DELHI",8.75,20397383.92620568,0.5546280638349659,14,Delhi,25000000.0,"Development of Fantasy Kingdom at Park near LSR College, Central Zone by Recycled Glass Waste under Waste of Art under MPLADS funds  sharing fund with MCD"
MP3020002-W166018,16626853.274045505,0.25,"Delhi, NEW DELHI",9.0,13855711.061704587,0.6,15,Delhi,16590640.0,"Construction of Community Centre, Ward No. 62S, South Zone, Masjid Moth, New Delhi."
MP3017191-W100042,58678426.8,1.0,"Andhra Pradesh, Sitting Rajya Sabha",10.0,0.0,0.6,16,Andhra Pradesh,48898689.0,"Proposed lift irrigation scheme to lift 85 Mcft water from SPVBR left canal at Km. 39.00 to fill tanks of Tadukuvagu tank, Melakunta tank near their respective villages in Tellapadu, Kalasapadu Mandal of YSR Kadapa District."
MP3050535-W254735,52871675.828334734,0.25,"Andhra Pradesh, Sitting Rajya Sabha",10.25,44059729.85694561,0.6,17,Andhra Pradesh,53000000.0,"Construction of Skill Hub Building with in the compound of Government ITI, Kakinada."
MP3017191-W138529,39473490.258825846,0.25,"Andhra Pradesh, Sitting Rajya Sabha",10.5,0.0,0.6054501936138251,18,Andhra Pradesh,21732308.0,Construction of BC Bhavan (Backward Classes Bhavan) in Kadapa district headquarters.  Balance amount of already recommended work vide my letter no. MPO/AP/001/2022 dated 28th May 2022.
MP3017191-W235901,23272639.081417955,0.25,"Andhra Pradesh, Sitting Rajya Sabha",10.75,19393865.90118163,0.6,19,Andhra Pradesh,25000000.0,"Kitchen Equipment for Smart Kitchens at the rate of Rs.25 Lakhs per mandal at YSR Kadapa District, Andhra Pradesh."
MP3042566-W226487,13815302.869464861,0.25,"Karnataka, Sitting Rajya Sabha",11.0,6194079.459761191,0.743468175764383,20,Karnataka,8100000.0,Construction of C.C Road from SVP Chowk to PDA Engineering college road Hanuman Temple.
MP3019436-W15910,12953596.553846167,0.25,"Lakshadweep, LAKSHADWEEP(ST)",11.25,0.0,0.4901098901098906,21,Lakshadweep,13214992.0,"Providing one number 1010 KV DG Set to power House, Agatti"
MP3043718-W262885,50649668.589057654,1.0,"Madhya Pradesh, GUNA",12.25,25406455.45429714,0.6645249233365081,22,Madhya Pradesh,27400000.0,Development works of Madhav Vatika Udyan and others
MP3019052-W78954,26645912.448869325,0.25,"Madhya Pradesh, GUNA",12.5,13896352.41857298,0.639158431562134,23,Madhya Pradesh,26756840.0,G.I. Coated Water Tanker capacity 5000 Litre with fire fighting pump with 900*20 tyre (Along with terafill water filter capacity 30 litre x 11 nos for each tanker) Drinking water plant
MP3019052-W85245,16518938.780323982,0.25,"Madhya Pradesh, GUNA",12.75,12479066.217421507,0.4412439865963309,24,Madhya Pradesh,24324400.0,G.I. Coated Water Tanker capacity 5000 Litre with firefighting pump with 900*20 tyre (Along with tera fill water filter capacity 30 litre x 11 nos for each tanker) Drinking water plant.
MP3017510-W231145,49918724.01769114,1.0,"Punjab, Sitting Rajya Sabha",13.75,16316686.087014541,0.764841643570909,25,Punjab,27500000.0,strengthening of flood protection bandh embankment in gurdaspur District.
MP3017362-W171199,46987667.67009703,1.0,"West Bengal, Sitting Rajya Sabha",14.75,49936440.17659712,0.4704747425319873,26,West Bengal,73500000.0,Purchase of Mobile Medical Unit
MP3023812-W207351,18080019.77844502,0.25,"West Bengal, Sitting Rajya Sabha",15.0,15066683.148704184,0.6,27,West Bengal,19950000.0,seating furniture (Low and High Bench set) for Siddheswari Kokila Devi High School (H.S.) and others 21 Schools of Cooch Behar district.
MP3023812-W207350,17016680.177481502,0.25,"West Bengal, Sitting Rajya Sabha",15.25,14180566.814567918,0.6,28,West Bengal,19596140.0,Purchase of Books for Student of  7 number of  Schools and 2 numbers of Universities.
MP3017359-W262612,16534296.991747087,0.25,"West Bengal, Sitting Rajya Sabha",15.5,18451442.22652976,0.4480489055748127,29,West Bengal,20000000.0,CONSTRUCTION OF ROAD KANPUR MORE TO SAHEBGANJ BUS STAND VIA SERUA
MP3017509-W133818,46096958.58038652,1.0,"Nagaland, Sitting Rajya Sabha",16.5,0.0,0.6146261144051536,30,Nagaland,25000000.0,Prevention of Agricultural Land Erosion and Flood at Tizit River
MP3017509-W202323,25200000.0,0.25,"Nagaland, Sitting Rajya Sabha",16.75,0.0,0.6,31,Nagaland,21000000.0,Construction of Road from Chingai Ward Junction to DIC Office Mon
MP3017511-W237804,11348106.99918515,0.25,"Punjab, Sitting Rajya Sabha",17.0,11958543.089970207,0.47447698744770017,32,Punjab,19341000.0,Creation of Pond with Grey water treatment and construction of drains. At village Jhok Hari Har Block Ferozepur
MP3019225-W103447,41691937.79618533,1.0,"Uttar Pradesh, MIRZAPUR",18.0,0.0,0.22172715972021395,33,Uttar Pradesh,62677538.54,installation of semi high mast light in maximum 810 location of different gram panchayat in mirzapur district (all gram panchayat  list enclosed in letter no 357)
MP3019225-W229416,19021475.293249343,0.25,"Uttar Pradesh, MIRZAPUR",18.25,15851229.41104112,0.6,34,Uttar Pradesh,22131000.0,works recomonded in letter no 216 for jamalpur block
MP3019225-W229418,14054293.973520108,0.25,"Uttar Pradesh, MIRZAPUR",18.5,14141768.832276443,0.4969072164948458,35,Uttar Pradesh,19747300.0,recommended work in letter number 215 for narayanpur block
MP3017245-W178989,40749895.692746304,1.0,"Kerala, Sitting Rajya Sabha",19.5,19529111.214186065,0.6955410522923223,36,Kerala,30000000.0,Construction of Building for Vinoda Vinjana Vikasana Kendram (Community Hall cum Training Centre) in Peravoor GP
MP3017245-W226658,30947998.428772245,0.25,"Kerala, Sitting Rajya Sabha",19.75,25789998.690643538,0.6,37,Kerala,30000000.0,Construction of new Digital Seminar Complex at Palakkad Government Victoria College
MP3019254-W147849,37232584.38936997,1.0,"Jammu And Kashmir, Nominated Rajya Sabha",20.75,0.0,0.6055260276699513,38,Jammu And Kashmir,20496000.0,SUPPLY AND INSTALLATION OF LED SEMI HGHMAST LIGHT AT DIFFERENT BLOCKS AND VILLAGES IN DISTRICT CHANDAULI AS PER LIST ENCLOSED.
MP3019254-W191381,26244000.0,0.25,"Jammu And Kashmir, Nominated Rajya Sabha",21.0,0.0,0.6,39,Jammu And Kashmir,21870000.0,supply and installation of led semi high mast at different places at district shahjahanpur
MP3019254-W134187,19774304.26297572,0.25,"Jammu And Kashmir, Nominated Rajya Sabha",21.25,0.0,0.4961937716262961,40,Jammu And Kashmir,19925990.0,supply and installation of led light as pes enclosed list
MP3018384-W209760,36919017.11555691,1.0,"Maharashtra, SOLAPUR(SC)",22.25,0.0,0.6166736339205737,41,Maharashtra,19956000.0,"Installation of Air Source Water Hiting System 20 Nos. at Dr.Vainshpayan Smruti Government Medical Collage, Solapur"
MP3042483-W278935,32670832.530097704,1.0,"The Dadra And Nagar Haveli And Daman And Diu, DAMAN and DIU",23.25,27225693.775081422,0.6,42,The Dadra And Nagar Haveli And Daman And Diu,30000000.0,Purchase of Public Transport Bus
MP3017310-W258872,32639541.349406004,1.0,"Telangana, Sitting Rajya Sabha",24.25,27199617.79117167,0.6,43,Telangana,29495741.0,Laying of 1.2 Km Black Top Road in Gangaram Village as per the Annexure
MP3019261-W273995,12631116.10096489,0.25,"Telangana, Sitting Rajya Sabha",24.5,7649640.82666559,0.5504012709953896,44,Telangana,8000000.0,"Construction of Village Community Hall at Korem Village, Boinpalli Mandal at Rajanna Sircilla Dist."
MP3017191-W4795,7954186.449648897,0.25,"Andhra Pradesh, Sitting Rajya Sabha",24.75,0.0,0.26514004324971063,45,Andhra Pradesh,14999972.0,"Construction of B.C. Community Hall / B.C. Bhavan to Potladurthi Village of Yerraguntla Mandal, YSR District."
MP3020008-W31791,31717388.492638268,1.0,"Delhi, EAST DELHI",25.75,16541224.067153137,0.639158431562134,46,Delhi,32000000.0,Installation of CCTV Cameras
MP3020008-W158210,13331715.63743241,0.25,"Delhi, EAST DELHI",26.0,7312387.08078328,0.6077229177536172,47,Delhi,7479474.0,"Development of Park Near Kala Niketan School, Ghazipur Through Children Play Apparatus (CPA), Open Gym, Sitting Arrangement etc in W.No. 19E, Shah. South Zone, EDMC"
MP3017307-W96112,7743265.031448411,0.25,"Tamil Nadu, Sitting Rajya Sabha",26.25,11574692.316431727,0.3344911821308578,48,Tamil Nadu,20000000.0,construction of New Library Building at Thirumayam
MP3019258-W259140,7663207.98862701,0.25,"Punjab, Sitting Rajya Sabha",26.5,6386006.6571891755,0.6,49,Punjab,9998224.0,"Construction work on cremation ground in Ram Bagh, Deep Nagar, Jalandhar Cantt."
MP3017283-W210474,7504892.656018312,0.25,"Punjab, Sitting Rajya Sabha",26.75,7857686.755232871,0.4775510204081619,50,Punjab,12000000.0,"Construction of community centers and community halls, Adamwal Gari , Hoshiarpur"
MP3019225-W229414,7354653.690362844,0.25,"Uttar Pradesh, MIRZAPUR",27.0,6128878.07530237,0.6,51,Uttar Pradesh,11576000.0,works recomonded in letter no 217 for Sikhar block
MP3019436-W15911,7318378.316483536,0.25,"Lakshadweep, LAKSHADWEEP(ST)",27.25,0.0,0.3802197802197812,52,Lakshadweep,9623879.0,"Providing 750 KVA DG Set to power House, Chetlat"
MP3017304-W61773,7280272.448215911,0.25,"Tamil Nadu, Sitting Rajya Sabha",27.5,0.0,0.33161947361641786,53,Tamil Nadu,10976847.0,"Constructions Of New Indoor Ground With Galvano Aluminium Sheet Roofing In volleyball ground with multipurpose Wooden Flooring in Lady Doak Collage, Madurai"
MP3017345-W194799,29082240.0,1.0,"Uttar Pradesh, Sitting Rajya Sabha",28.5,0.0,0.6,54,Uttar Pradesh,24235200.0,Light Installation at public place
MP3017330-W180182,26678391.14816935,0.25,"Uttar Pradesh, Sitting Rajya Sabha",28.75,11152742.292630183,0.7973641653377226,55,Uttar Pradesh,25400000.0,"This money is being released for the construction of an overflow-type swimming pool at Malikhera Sports Stadium, Amroha."
MP3017340-W158166,13325473.905882364,0.25,"Uttar Pradesh, Sitting Rajya Sabha",29.0,0.0,0.3923875432525955,56,Uttar Pradesh,16979991.0,PER L.E.D LIGHT COST 283000 AND 60 NUMBER OF COST 16980000 (AS PER LIST)
MP3017330-W87442,8580333.411375094,0.25,"Uttar Pradesh, Sitting Rajya Sabha",29.25,4979718.338102541,0.5743519899992658,57,Uttar Pradesh,9495000.0,"This amount of Rs 94,95,000 is being sanctioned from my end towards the construction of a Multipurpose Indoor Stadium at Chaudhary Charan Singh Inter College, Bhatona (Block - Gulaothi) 
This amount is being sanctioned as per the updated estimate received from the district authorities"
MP3017345-W10748,8447950.750515506,0.25,"Uttar Pradesh, Sitting Rajya Sabha",29.5,0.0,0.2907216494845375,58,Uttar Pradesh,14529277.0,Please see the attached list.
MP3017340-W204743,8037574.654671328,0.25,"Uttar Pradesh, Sitting Rajya Sabha",29.75,0.0,0.23667820069204293,59,Uttar Pradesh,16979964.0,PER LIGHT COST 283000 AND 60 DIFFERENT PLACE OF COST 16980000.00 (AS PER LIST)
MP3017340-W208989,8037574.654671328,0.25,"Uttar Pradesh, Sitting Rajya Sabha",30.0,0.0,0.23667820069204293,60,Uttar Pradesh,16979964.0,PER LIGHT COST 283000 AND 60 DIFFERENT PLACE OF COST 16980000.00 (AS PER LIST)
MP3017330-W204855,7855223.763231887,0.25,"Uttar Pradesh, Sitting Rajya Sabha",30.25,19076698.712556668,0.13725686821031602,61,Uttar Pradesh,25000000.0,"This money is being released as the first installment for the construction of a wrestling stadium at Kisan Adarsh Inter College, Dankaur"
MP3017362-W262569,7225720.425984667,0.25,"West Bengal, Sitting Rajya Sabha",30.5,13616366.002440477,0.26533219012655773,62,West Bengal,15000000.0,Construction of bituminus road from near PWD road to Kheda Para FP School at Kheda Para villege
MP3019259-W221107,7157941.65790552,0.25,"Punjab, Sitting Rajya Sabha",30.75,5964951.381587934,0.6,63,Punjab,8762800.0,"MPLAD Grant of rupees 88.5 Lakh for setting up a Skill Development Centre for the local youth in Red Cross Society Building at Faridkot, the grant includes funds for Civil Works, Public Health Services, Electrical Services and Horticulture for the Skill Development Centre."
MP3020004-W164588,28341953.979157947,1.0,"Delhi, WEST DELHI",31.75,17204926.235087913,0.5491054052754778,64,Delhi,37735000.0,"Provision of 5000 Precast, RCC Benches with Back Rest at public places of your parliamentary Constituency (West Delhi) From MPLADS funds."
MP3045896-W275288,12116731.393843144,0.25,"Delhi, WEST DELHI",32.0,6005926.458469615,0.6724874992298101,65,Delhi,9000000.0,Procurement of 4 nos Sky Top Tree Pruning Machine for Najafgarh and West Zone - MCD
MP3017338-W201325,6609762.638978178,0.25,"Uttar Pradesh, Sitting Rajya Sabha",32.25,9500530.023808599,0.3478628362003975,66,Uttar Pradesh,15758410.0,Letter as per attached.
MP3017511-W237803,6443664.730913695,0.25,"Punjab, Sitting Rajya Sabha",32.5,9232828.960961482,0.34895397489539703,67,Punjab,14940000.0,Creation of Pond with Grey water treatment and construction of drains. At village Fatehgarh Sabran Block makhu.
MP3017278-W119807,25531703.263065334,1.0,"Manipur, Sitting Rajya Sabha",33.5,24549714.67602441,0.5199999999999989,68,Manipur,40000000.0,Construction of Cultural Complex at Gouranagar
MP3017278-W119811,12315257.816544758,0.25,"Manipur, Sitting Rajya Sabha",33.75,10262714.847120631,0.6,69,Manipur,19000000.0,Construction of Gallery and compound wall fencing at Thanpapat Mapal.
MP3019436-W18928,6256941.08829077,0.25,"Lakshadweep, LAKSHADWEEP(ST)",34.0,0.0,0.3603767056738105,70,Lakshadweep,8681112.0,"Procurement and installation of Direct Radiography System for Kavaratti, Agatti, Androth, Amini and Minicoy Hospitals"
MP3017511-W205908,6231510.701804402,0.25,"Punjab, Sitting Rajya Sabha",34.25,9347266.052706549,0.33333333333333526,71,Punjab,19523289.0,Installation of CCTV cameras in urban towns of Ferozepur District with CCTV Camera Go-Live Project (BSNL)
MP3042521-W274638,24923736.3904749,1.0,"Uttar Pradesh, PHULPUR",35.25,12522038.218921874,0.6634632465507359,72,Uttar Pradesh,20792000.0,Sanlagn latter ke anusar 113 Nag Highmast Light (9.00 Mitar)
MP3042521-W180308,12338219.900095362,0.25,"Uttar Pradesh, PHULPUR",35.5,0.0,0.1995565114316018,73,Uttar Pradesh,20609400.0,Phulpur Sansdiya Kshetra me suchi ke anusar block wise 215 Solar High Mast light ka work
MP3042521-W218164,10382291.212236783,0.25,"Uttar Pradesh, PHULPUR",35.75,0.0,0.49573443571403253,74,Uttar Pradesh,10471626.0,05 Solar Pawar Plant and 02 Solar highmast Light
MP3058540-W267626,6204379.760244302,0.25,"Tamil Nadu, Sitting Rajya Sabha",36.0,10370543.41840936,0.29913474684607866,75,Tamil Nadu,11200000.0,Construction of Public Swimming Pool at VOC Park Ward 83 Central Zone Coimbatore Tamil Nadu
MP3017365-W92625,5857324.737370176,0.25,"Odisha, Sitting Rajya Sabha",36.25,7875646.247077453,0.371863117870724,76,Odisha,12500000.0,"Upgradation of Auditorium Hall in Municipal High School under Jajpur Municipality in Jajpur
Assembly Constituency - BDO Jajpur"
MP3018373-W97341,23327859.737415526,1.0,"Jharkhand, CHATRA",37.25,19439883.11451294,0.6,77,Jharkhand,27500000.0,"Supply, Installation, Testing & Commissioning (SITC) for Sanitary Napkin Making Machine at various Self-Help Groups (SHGs)/Anganwadies in Chatra Parliamentary Constituency"
MP3045896-W261209,5754795.862846464,0.25,"Delhi, WEST DELHI",37.5,12793522.465368524,0.2249105310294499,78,Delhi,13836778.0,Construction of Multipurpose hall at GF and 3 rooms at 1st floor in MC Primary School Goyla Khurd in Ward no 124 Najafgarh
MP3019259-W233586,5723266.417225177,0.25,"Punjab, Sitting Rajya Sabha",37.75,0.0,0.28882046917769366,79,Punjab,9908000.0,Grant of rupees 1 crore for the procurement of 3 JCB machines for desilting sand deposited on agricultural lands and other affected areas in flood hit villages and for the purchase of 1 commercial anti mosquito fogging machine to prevent the spread of mosquito borne and other vector borne diseases.
MP3017254-W232298,22446843.706621714,1.0,"Madhya Pradesh, Sitting Rajya Sabha",38.75,12327330.44746564,0.6069668747363582,80,Madhya Pradesh,15300000.0,construction of Shed with Toilets (125X80 feet area) near  Yogshala  west side of Darana Road  in   Gram Bheswamata  Sarangpur District Rajgrah
MP3017255-W218146,10966334.689579703,0.25,"Madhya Pradesh, Sitting Rajya Sabha",39.0,16392561.710774058,0.3344911821308578,81,Madhya Pradesh,20000000.0,Development of chatrasal stadium in Panna
MP3042567-W257957,6125479.617966243,0.25,"Madhya Pradesh, Sitting Rajya Sabha",39.25,6423822.916048789,0.31785224561856107,82,Madhya Pradesh,7000000.0,Ujjain ward 46 alakhdham nagar swarg sundaram takiez ke pass manchhapurn hanuman mandir ke samne sabhamandap samudayik bhawan nirman
MP3019062-W105068,22184516.112863604,1.0,"Madhya Pradesh, SAGAR",40.25,0.0,0.7923041468879859,83,Madhya Pradesh,7000000.0,Installation of fixed garden gym equipment
MP3019091-W128804,21921618.17051235,1.0,"Maharashtra, THANE",41.25,12014869.64049944,0.6081802196343847,84,Maharashtra,18600000.0,Beautification of the island and surroundings of Masunda Lake in Thane Municipal Corporation area.
MP3018956-W86982,21067193.274704084,1.0,"Assam, Diphu (ST)",42.25,17555994.395586737,0.6,85,Assam,25000000.0,"Purchase of School Furniture (Desk & Bench) in 7 (Seven) Education Blocks of Karbi Anglong @Rs. 10, 500/- per pair"
MP3019173-W239391,20977832.713141084,1.0,"Telangana, HYDERABAD",43.25,11648115.129967801,0.6003212387891028,86,Telangana,12522210.0,"Laying of 600 mm dia RCC Np3 sewer main pipe line from Seven Heaven Hotel, Fish Market to Sulabh Complex under ADMHO Office, Kosalwadi, Gowliguda in Goshamahal Assembly Constituency"
MP3042571-W267218,5171090.466412852,0.25,"West Bengal, Sitting Rajya Sabha",43.5,9447892.23679179,0.27366370915386273,87,West Bengal,10000000.0,Construction of Minority Cultural and Development Centre(MCDC)
MP3032002-W266761,5082617.086815878,0.25,"West Bengal, Sitting Rajya Sabha",43.75,9445589.666272791,0.269047103801486,88,West Bengal,10000000.0,Construction of Murshidabad Hazarduari University and Historic Excellence Centre
MP3042566-W278153,4895104.677676991,0.25,"Karnataka, Sitting Rajya Sabha",44.0,4866343.533132903,0.502955108321912,89,Karnataka,5100000.0,Construction of Community Hall (Muslim Shadi Mahal)
MP3044073-W253468,19421628.727381412,1.0,"Karnataka, Nominated Rajya Sabha",45.0,16184690.606151177,0.6,90,Karnataka,20000000.0,construction of sports hostel for boys
MP3044073-W147448,8405484.703594781,0.25,"Karnataka, Nominated Rajya Sabha",45.25,12067911.294483356,0.3482576437,91,Karnataka,16548000.0,Construction of additional rooms at district civil hospital
MP3017345-W136216,4852832.989690768,0.25,"Uttar Pradesh, Sitting Rajya Sabha",45.5,0.0,0.18762886597938322,92,Uttar Pradesh,12932000.0,Please see the attached documents.
MP3059270-W242262,4822680.431760807,0.25,"Tamil Nadu, Sitting Rajya Sabha",45.75,8794746.652182814,0.2741796109933332,93,Tamil Nadu,11500000.0,Construction of Retaining wall at Eastern Side including approach road to the Northern side of Edapalayam Lake adjacent to Cuddalore-Chittoor road
MP3042348-W166162,19019848.896725915,1.0,"Jammu And Kashmir, ANANTNAG",46.75,9599731.603465179,0.6604298843056678,94,Jammu And Kashmir,15000000.0,please release one crore and fifty lakh from my MPLADS for the construction of Sarai for the attendents of poor patients at GMC Anantnag phase 1
MP3042348-W201278,16633021.900771001,0.25,"Jammu And Kashmir, ANANTNAG",47.0,13860851.583975835,0.6,95,Jammu And Kashmir,20000000.0,please release two crore rupees for the construction of Sarai for the attendents of poor patients at GMC and Associated hospitals at Rajouri
MP3044811-W220474,4685942.527941185,0.25,"West Bengal, Sitting Rajya Sabha",47.25,12287003.539359048,0.19068695280060233,96,West Bengal,13628575.0,Construction of RCC bridge at Raghabpur over Sindrani Baor Mouja Raghabpur JL no 02 under Sindrani Gram Panchayet in Bagdah Block
MP3019259-W127389,4658594.867833529,0.25,"Punjab, Sitting Rajya Sabha",47.5,0.0,0.15465954703332374,97,Punjab,15060806.0,"Various Development work to be carried out on the heritage street of Sri Darbar Sahib, Amritsar.
MPLAD grant of rupees One crore Fifty lakh Sixty thousand, Eight Hundred Six only"
MP3017242-W263631,4526005.007267121,0.25,"Karnataka, Sitting Rajya Sabha",47.75,4764547.425942681,0.47496693837312753,98,Karnataka,5000000.0,"Construction of Community Hall near Buddha Mandir at Basav Nagar, Ward No. 39 in Kalaburagi City (SCP)"
MP3018355-W38440,17828040.000000026,1.0,"Bihar, ARARIA",48.75,0.0,0.4461538461538468,99,Bihar,19979700.0,Installation of High Mast Light as per specification attach with the letter at 15 different locations
MP3018355-W36983,11678396.769230826,0.25,"Bihar, ARARIA",49.0,0.0,0.2923076923076937,100,Bihar,19976205.0,"Installation of High Mast Light as per specification attach with the letter at different locations. The locations are as below:-
1.	1.Hospital Chawk Narpatganj 2.Near four lane under pass, Narpatganj.3.Sundari Math Ke Pass, Kursakanta.4.Hatta Chawk, Kursakanta ke Pas.5. At the Main Road near Kursakanta Hospital Road Chauraha.6.Kali Mandir Chwok Par, Raniganj.7.Bus Stand Chowk Par, Raniganj. 8.Rani Saraswati Vidya Mandir ke Pas, Forbesganj.9. Madanpur Shiv Mandir Ke Pas, Araria."
MP3018355-W20613,5176693.199999999,0.25,"Bihar, ARARIA",49.25,,0.5249999999999999,101,Bihar,4930184.0,"1.  Jawahar Uchch Vidyalaya Bhargama.
2.  Utkramit Madhya Vidyalaya Rahariya sah Utkramit Madhyamik Vidyalaya Rahariya  Bhargama. 
3.  Utkramit Madhyamik Vidyalaya  Aadi Rampur  Bhargama.
4.  Aadarsh Madhya Vidyalaya Sissiya Kala Bhargama."
MP3018355-W20623,5176693.199999999,0.25,"Bihar, ARARIA",49.5,,0.5249999999999999,102,Bihar,4930184.0,"1.  Utkramit Madhyamik Vidyalaya Raghunathpur Bhargama.
2.  Shree Darbari Ray Uchch Vidyalaya Mahthawa  Bhargama.
3.  Deedar Bakhsh  Uchch Vidyalaya Beernagar Bisahariya, Bhargama.
4.  Utkramit Uchch Madhyamik Vidyalaya Jaynagar Bhargama."
MP3018355-W20626,5176693.199999999,0.25,"Bihar, ARARIA",49.75,,0.5249999999999999,103,Bihar,4930184.0,"1.  Utkramit Madhyamik Vidyalaya Pattipranpat Bhargama.
2.  Uchch Vidyalaya Simarbani Bhargama.
3.  Utkramit Uchch Vidyalaya Mangalwar Charaiya, Bhargama.
4.  Uchch  Madhyamik Vidyalaya Charaiya, Bhargama."
MP3018355-W20636,5176693.199999999,0.25,"Bihar, ARARIA",50.0,,0.5249999999999999,104,Bihar,4930184.0,"1.  Utkramit Uchchtar Madhyamik Vidyalaya Bhatgama Bhargama
2.  Utkramit Madhyamik Vidyalaya Sahebganj Narpatganj.
3.  Utkramit Uchch Madhyamik  Vidyalaya Dumarbanna Narpatganj.
4.  Utkramit Madhyamik Vidyalaya Bhawanipur Narpatganj"
MP3020008-W158192,4416938.412865147,0.25,"Delhi, EAST DELHI",50.25,2428856.6457554344,0.6061752581657436,105,Delhi,2500000.0,"Installation of STP Plant for park near Kala Niketan School, Ghazipur in W.No. 19E Shahdara South Zone"
MP3044299-W283045,4334018.6399545,0.25,"Andhra Pradesh, Sitting Rajya Sabha",50.5,3744937.3737074197,0.3857668996356629,106,Andhra Pradesh,4000000.0,"Construction of Community Hall in Ramapuram GP of Mantralayam Mandal, Kurnool District."
MP3017325-W194332,4312391.879384087,0.25,"Uttar Pradesh, Sitting Rajya Sabha",50.75,4886343.316568318,0.4412698412698397,107,Uttar Pradesh,8997000.0,"BLOCK  AROAN. GRAM PANCHAYAT SARAKH  KE GRAM NAGLA ATIYA MEIN SELAM SINGH KE GHAR SE SADHAN SINGH KE GHAR TAK C.C. ROAD NIRMAN WORK WITH TWO SIDE NALI. LENGTH 900 Mtrs. Cost 90 Lac. Contact Person Rambhai,  8882224686"
MP3017290-W240538,17215437.33314707,1.0,"Rajasthan, Sitting Rajya Sabha",51.75,8912663.862632792,0.643856786197015,108,Rajasthan,10000000.0,"Construction of RCC Chambers G plus 1 at Rajasthan High Court, Jodhpur"
MP3017512-W135897,11410211.735545827,0.25,"Rajasthan, Sitting Rajya Sabha",52.0,9508509.779621523,0.6,109,Rajasthan,15000000.0,"Drainage system work of Dhanna Talai’s water at Nagar Parishad Tonk, District Tonk"
MP3042555-W1231,8130398.358694634,0.25,"Rajasthan, Sitting Rajya Sabha",52.25,3822385.6777494,0.7090160477545678,110,Rajasthan,4969990.0,"For installing LED high mast lights at various places in district Pilibhit, Uttar Pradesh"
MP3042555-W1122,7413089.298251993,0.25,"Rajasthan, Sitting Rajya Sabha",52.5,3600248.0286826766,0.6863498698971977,111,Rajasthan,4860000.0,"Regarding installation of 20 cm LED high mast lights at various places in Shahjahanpur district, Uttar Pradesh."
MP3017307-W269621,4201820.059130383,0.25,"Tamil Nadu, Sitting Rajya Sabha",52.75,9214665.168814098,0.2279963504995779,112,Tamil Nadu,10300000.0,Construction of Uzhavar Santhai at S. Pudur
MP3017455-W51808,16792008.22423438,1.0,"Tamil Nadu, CHENNAI CENTRAL",53.75,13993340.186861983,0.6,113,Tamil Nadu,22500000.0,"Construction of Community Center in Vellalar street dn-112, Zone-9."
MP3019002-W178906,4194306.351378392,0.25,"Gujarat, AHMEDABAD EAST",54.0,5035179.503756711,0.4165001812,114,Gujarat,9424000.0,Installation and Fixing of Gas Based Cremation Furnance System at Dahegaam Nagarpalika at Dahegam
MP3017345-W14681,4176072.191021504,0.25,"Uttar Pradesh, Sitting Rajya Sabha",54.25,0.0,0.23770902726670673,115,Uttar Pradesh,8784000.0,"36 ????????? ?????? ?? ??? ?? ??? ???? ??? ????? ????, ???? ?????? ???"
MP3017246-W243539,4162551.4346123855,0.25,"Kerala, Sitting Rajya Sabha",54.5,9340668.270892184,0.2228187167070218,116,Kerala,14000000.0,"New Road Madhura Company Palam,Palluruthi Approach Road,Ward 14,Kochi Corporation ,EKM District"
MP3017246-W243541,4145245.649397483,0.25,"Kerala, Sitting Rajya Sabha",54.75,11820484.822588926,0.1753416087247084,117,Kerala,15000000.0,"Construction of New Building in Govt. LPS Kolenchery, Kunnathunadu Assembly Constituency ,Ernakulam District"
MP3044300-W271429,4118855.600806133,0.25,"Telangana, Sitting Rajya Sabha",55.0,3830240.628536815,0.5376758277429128,118,Telangana,4000000.0,"Providing Infrastructure Facilities at Vivekananda Government Degree College, Vidyanagar, Hyderabad."
MP3017338-W211500,4093808.8657210977,0.25,"Uttar Pradesh, Sitting Rajya Sabha",55.25,8913938.659231475,0.2296296296296283,119,Uttar Pradesh,13788600.0,Letter as per attached.
MP3017511-W144004,4087492.40172277,0.25,"Punjab, Sitting Rajya Sabha",55.5,0.0,0.408151624563591,120,Punjab,5007321.0,"Installation and functioning of street lights at Gram Panchayat – Jhok Harihar, Block- Ferozepur,  District- Ferozepur , Punjab"
MP3019258-W151554,4058978.892864182,0.25,"Punjab, Sitting Rajya Sabha",55.75,0.0,0.22580848608526172,121,Punjab,8987658.0,"(i)   Sewer Suction Machine having capacity of 6000 ltr capacity mounted on LPT truck chassis
                 And 
 
(ii)  Sewer Jetting Machine having 6000 ltr capacity mounted on LPT truck chassis for sanitation purpose in Cantonment Board , Jalandhar near Cant General Hospital , Jalandhar.

Each machine having cost approx Rs. 4500000/-."
MP3020007-W211190,16225059.42248457,1.0,"Delhi, NORTH EAST DELHI",56.75,17383992.238376353,0.4666666666666659,122,Delhi,25217575.0,Supply Installation Testing and Commissioning of cctv Surveillance system cum Traffic Monitoring ANPR Camera System
MP3020007-W128899,8883683.344869973,0.25,"Delhi, NORTH EAST DELHI",57.0,9156667.66055986,0.48509368660032837,123,Delhi,20000000.0,Construction of Approach Road
MP3020007-W277012,7462802.018562814,0.25,"Delhi, NORTH EAST DELHI",57.25,8780055.09383767,0.2833240391168169,124,Delhi,10000000.0,Provision of 1000 Precast RCC Benches with Back rest
MP3044300-W271426,4052590.0860984325,0.25,"Telangana, Sitting Rajya Sabha",57.5,2329535.7248548823,0.43491392328302747,125,Telangana,2490000.0,"Digital Class Rooms, Safe Drinking Water RO, Solar and Allied works at GPS MUSHEERABAD, Musheerabad, Hyderabad."
MP3019091-W128803,4049912.6181647824,0.25,"Maharashtra, THANE",57.75,3374927.1818039855,0.6,126,Maharashtra,5800000.0,Carrying out electrical and civil works in the vicinity of Shree Chhatrapati Shivaji Maharaj Statue near Masunda Lake in Thane Municipal Corporation area.
MP3017304-W176337,3976654.4999999995,0.25,"Tamil Nadu, Sitting Rajya Sabha",58.0,,0.5249999999999999,127,Tamil Nadu,3787290.0,Construction of Toilet in FF and SF of Patient attenders waiting hall and RO unit for Dialysis ward in Govt. District Head Quarters Hospital at Kumbakonam in Thanjavur District.
MP3019052-W117633,3902039.1666667047,0.25,"Madhya Pradesh, GUNA",58.25,0.0,0.18333333333333512,128,Madhya Pradesh,10641925.0,G.I. Coated Water Tanker capacity 5000 Litre with firefighting pump with 900*20 tyre (Along with tera fill water filter capacity 30 litre x 11 nos for each tanker) Drinking water plant.
MP3050536-W208561,3853736.5916437297,0.25,"Andhra Pradesh, Sitting Rajya Sabha",58.5,7093902.228126437,0.2716231819748054,129,Andhra Pradesh,9000000.0,"Construction of Multi Purpose Community Hall Survey Number 70 2B1 and extent of 1.95 cent in Kallur Gram Panchayat of Kallur Mandal, Kurnool District"
MP3017325-W133372,3782787.002773319,0.25,"Uttar Pradesh, Sitting Rajya Sabha",58.75,3152322.5023110993,0.6,130,Uttar Pradesh,9100000.0,"BLOCK-TUNDLA,  GRAM  PANCHAYAT  ANWARA  KE  MAJRA  NAGLA  LALLU  MEIN  KABRISTAN SE  MUNNESH  PRADHAN  KE  PLOT  TAK  RCC  & NALI NIRMAN. Length= 1Km. Cost=91 Lac."
MP3017330-W220191,3742616.0656103636,0.25,"Uttar Pradesh, Sitting Rajya Sabha",59.0,5257556.115079211,0.3559273532883611,131,Uttar Pradesh,9000000.0,This money is being released for the construction of a multi-purpose indoor stadium.
MP3017356-W263548,3702084.461197237,0.25,"West Bengal, Sitting Rajya Sabha",59.25,7540403.483884063,0.2454831806487292,132,West Bengal,8000000.0,"Development of Vidyasagar Memorial Hall, Medinipur Town"
MP3044073-W1842,3685037.1882866705,0.25,"Karnataka, Nominated Rajya Sabha",59.5,4749681.146678763,0.3879246916251894,133,Karnataka,5000000.0,"Construction of additional rooms (Rooms for artists) in the existing building Delhi Karnataka Sangha, cultural and community complex R.K Puram New Delhi"
MP3045893-W194463,3681618.34302981,0.25,"Delhi, NEW DELHI",59.75,3068015.2858581753,0.6,134,Delhi,4638153.0,Provision and Laying of Synthetic Track
MP3017253-W143819,3647915.0635261154,0.25,"Kerala, Sitting Rajya Sabha",60.0,5628315.9264089335,0.3240680792641304,135,Kerala,15380000.0,"Construction of Artificial Football turf, Municipal Stadium Ground, Aluva, Aluva Municipality"
MP3017250-W101445,3620422.0499999993,0.25,"Kerala, Sitting Rajya Sabha",60.25,,0.5249999999999999,136,Kerala,3448021.0,"Construction of Culvert in Moolankode Bhaskaran Road – Valathode Palam Road and construction of approach Road, Ayyankunnu Grama Panchayat, Kannur District"
MP3018356-W86316,14430586.69711691,1.0,"Bihar, SARAN",61.25,7463398.36311961,0.6445047325190657,137,Bihar,65000000.0,Construction of Outdoor Gym in 70 locations in Various Blocks in the District of Saran
MP3017368-W268119,3593366.3280229704,0.25,"Odisha, Sitting Rajya Sabha",61.5,4748068.684031267,0.37840294308591216,138,Odisha,5000000.0,"Construction of Ladies Hostel, Saraswati Vidya Mandir, Gatiroupatna, Cuttack."
MP3017264-W225159,14338052.067045636,1.0,"Maharashtra, Sitting Rajya Sabha",62.5,14950481.426693358,0.4795180722891552,139,Maharashtra,18000000.0,As per letter attached
MP3017264-W174294,7061285.846306338,0.25,"Maharashtra, Sitting Rajya Sabha",62.75,6800090.319151786,0.5192052983780907,140,Maharashtra,9999175.0,Smart Boards
MP3042560-W226353,5288963.603278428,0.25,"Maharashtra, Sitting Rajya Sabha",63.0,4700047.92445849,0.37509997687153296,141,Maharashtra,5000000.0,Construction of Public utility building of Saraswati kanya prashla Mauli Vidyapeeth trust Kaij
MP3017253-W229641,3557983.8488935307,0.25,"Kerala, Sitting Rajya Sabha",63.25,5593520.708071391,0.3180451127819548,142,Kerala,10000000.0,"Construction of CHC, Varapuzha Phase 1"
MP3017304-W282944,3534476.090341808,0.25,"Tamil Nadu, Sitting Rajya Sabha",63.5,13915545.308659453,0.12699739794395093,143,Tamil Nadu,15000000.0,Construction of Nurses Staying and Rest Hall in Second Floor of Patient Attenders Waiting hall building in Government District Head Quarters Hospital at Kumbakonam in Thanjavur District
MP3042538-W153603,14069689.809720846,1.0,"West Bengal, BARRACKPUR",64.5,13310501.448812103,0.5285183981921469,144,West Bengal,20000000.0,Development of Bhatpara State General Hospital.
MP3042538-W153601,6284217.23542461,0.25,"West Bengal, BARRACKPUR",64.75,14346027.312395591,0.2190229078260144,145,West Bengal,20000000.0,Development of Naihati State General Hospital.
MP3017489-W5736,5249071.071845427,0.25,"West Bengal, BARRACKPUR",65.0,0.0,0.28789687145216347,146,West Bengal,9116235.0,Construction of by 9 no of PCC road at dumber line
MP3017308-W178253,3512758.1303115315,0.25,"Tamil Nadu, Sitting Rajya Sabha",65.25,0.0,0.08061474779826105,147,Tamil Nadu,21787317.0,Construction of new cocoon marketing godown for sericulture office at rasipuram
MP3019254-W222781,3462923.0769231287,0.25,"Jammu And Kashmir, Nominated Rajya Sabha",65.5,0.0,0.13846153846154052,148,Jammu And Kashmir,12505000.0,S I OF LED SEMI HIGH MAST LIGHT  AT FOURTY ONE DIFFERENT PLACES
MP3019436-W210650,3449992.4082331965,0.25,"Lakshadweep, LAKSHADWEEP(ST)",65.75,2848285.6732980604,0.4037507474029005,149,Lakshadweep,3171000.0,Battery operated vehicle for transportation of differently abled and senior citizen at jetty-14 nos
MP3017259-W134439,3378687.3550042678,0.25,"Maharashtra, Sitting Rajya Sabha",66.0,1495911.2818751584,0.7528715987240918,150,Maharashtra,2300000.0,Purchase of 16 tricycles (manual or motorized)
MP3042485-W177536,13019621.651642296,1.0,"Tripura, TRIPURA WEST",67.0,6236165.788997179,0.6959202225729552,151,Tripura,11517641.0,"Construction of indoor sports complex with facilities for badminton court, table tennis, squash, indoor gym and other amenities."
MP3042485-W194520,6913082.172989704,0.25,"Tripura, TRIPURA WEST",67.25,7400477.777682099,0.4670699906590996,152,Tripura,11400000.0,Installation of water treatment plants in 19 high schools under Takarjala AC and Golaghati AC at the rate of Rs six lakhs each including maintenance for three years as per detail in letter No 4502 dated 5 April 2025 from DM and  Collector West Tripura  Agartala
MP3042485-W221826,4674379.28031628,0.25,"Tripura, TRIPURA WEST",67.5,7980603.063273795,0.2928587754118146,153,Tripura,10000000.0,"Construction of RCC single storied framed structure building at Medical Service Centre Niramay under Ramkrishna Mission, Viveknagar, Dukli  Agartala, West Tripura"
MP3042485-W221829,3446791.406515263,0.25,"Tripura, TRIPURA WEST",67.75,3185478.9653430786,0.36067746211429785,154,Tripura,3750000.0,Installation of three open gymnasium in Mohanpur Assembly Constituency.
MP3017324-W15726,3253469.69633949,0.25,"Uttar Pradesh, Sitting Rajya Sabha",68.0,0.0,0.13671983541272503,155,Uttar Pradesh,11898309.0,Construction of Class room in AD gov. kanya inter college Ground floor in gkp
MP3019173-W128166,3193939.5642930586,0.25,"Telangana, HYDERABAD",68.25,1404213.4398031677,0.7581799826529604,156,Telangana,2500000.0,Laying of VDCC road at Nasheman Nagar Yakutpura in Yakutpura Constituency
MP3019085-W131732,12723035.114364844,1.0,"Maharashtra, BHIWANDI",69.25,4819907.38224117,0.6599211408730878,157,Maharashtra,7499000.0,kulgaon badlapur nagarparishadh ward no. 36 garden lights and benches fitting
MP3042399-W282962,11002245.826878754,0.25,"Maharashtra, BHIWANDI",69.5,9430523.767363051,0.3888877612840934,158,Maharashtra,10000000.0,"RETAINING WALL WORK AT AAGRI, KOLI, KUNBI, SOCIAL AND PILGRIM HALL RESERVE PLOT NO.129, KHADAKPADA"
MP3019085-W131481,4986410.4715672145,0.25,"Maharashtra, BHIWANDI",69.75,4155342.059639346,0.6,159,Maharashtra,5000000.0,Construction of Parking Plaza at Badlapur Railway Station.
MP3018418-W280615,12710532.495189559,1.0,"West Bengal, JANGIPUR",70.75,6503777.91569661,0.6514435486546567,160,West Bengal,7165000.0,Construction of indoor badminton court  at Jangipur
MP3018946-W98776,12244838.798594056,1.0,"Andhra Pradesh, TIRUPATI(SC)",71.75,0.0,0.8459296740004604,161,Andhra Pradesh,3618752.0,Construction of RCC Single Lane Road Bridge across Neredu Vagu near Mannuru Village in Balayapalli Mandal.
MP3017368-W155565,3047190.148226784,0.25,"Odisha, Sitting Rajya Sabha",72.0,2991562.4679144397,0.5092974291710387,162,Odisha,5000000.0,Development of turf and training facilities for multipurpose sports in Football Play Ground.
MP3017259-W165293,3036183.833862937,0.25,"Maharashtra, Sitting Rajya Sabha",72.25,1646156.5315168232,0.6148025771411698,163,Maharashtra,2495000.0,Construction of road at durgwada tq Morshi from nagbaba mandir to house of shri Rahul choudhary.
MP3045278-W140271,12144311.421686765,1.0,"Nagaland, NAGALAND",73.25,0.0,0.3590361445783138,164,Nagaland,16912380.0,Purchase of Community Ambulances 6 (six) Nos.
MP3045278-W193451,11814432.989690749,0.25,"Nagaland, NAGALAND",73.5,0.0,0.39381443298969165,165,Nagaland,15000000.0,Clean and green Nagaland
MP3045278-W193464,6862875.241929146,0.25,"Nagaland, NAGALAND",73.75,0.0,0.3812708467738415,166,Nagaland,9000000.0,Construction of flood control embankment at Kayong
MP3045278-W140274,4915481.171548139,0.25,"Nagaland, NAGALAND",74.0,0.0,0.22343096234309723,167,Nagaland,11000000.0,Construction of river embankment & water conservation plant at Kikha Kohima
MP3017264-W274581,3034867.31083964,0.25,"Maharashtra, Sitting Rajya Sabha",74.25,2374294.668866199,0.42607282500012034,168,Maharashtra,2500000.0,Construction of Cultural Center near Kohali Samaj Bhawan
MP3042277-W163131,12076575.591545165,1.0,"Andhra Pradesh, AMALAPURAM(SC)",75.25,0.0,0.5211268365348065,169,Andhra Pradesh,11586983.0,"Formation of BT Road from KNF Road to Sathirevu puntha SC Locality via Lockpeet, Luthern High School, Jayapet in Sakhinetipalli village"
MP3018977-W7991,12000000.0,1.0,"Gujarat, VADODARA",76.25,0.0,0.6,170,Gujarat,10000000.0,Providing CCTV Cameras in Public Areas of Vadodara City
MP3043535-W263822,2998344.80680926,0.25,"West Bengal, Sitting Rajya Sabha",76.5,5665317.124792843,0.2646228570054582,171,West Bengal,6000000.0,Development of Gurur Hospital of painting and cleaning of the buildings and repairing of Guard Wall and Repairing of Doctors quarters and staff quarters and appoinment of doctors and nurses and other staff
MP3042485-W197844,2993869.063959329,0.25,"Tripura, TRIPURA WEST",76.75,3339607.5855775555,0.29882443642866563,172,Tripura,4848844.0,"Construction of Market Shed at Murabari Bazar of Balurbandh VC, Hezamara RD Block, West Tripura District."
MP3017365-W271035,2942676.4731264994,0.25,"Odisha, Sitting Rajya Sabha",77.0,1906487.8699843567,0.5145021760442051,173,Odisha,2000000.0,"Construction of a Community Centre Building at Plot no 993 by 2330, Khata no 149, Relisahi mouza, Ward no 1, Utkal Baptist Churches Association, Near old Court, Paralakhemundi Municipality"
MP3018946-W51617,2895195.59989355,0.25,"Andhra Pradesh, TIRUPATI(SC)",77.25,0.0,0.41874139611728567,174,Andhra Pradesh,3457021.0,Construction of 40KL OHSR in Varagali ST Colony of Varagali GP in Chillakur Mandal.
MP3020008-W161630,2861907.481329131,0.25,"Delhi, EAST DELHI",77.5,1543500.0,0.6180558214726555,175,Delhi,1543500.0,"TPD Aerobic Drum Compost Plant along with Sieving Trommel, Shredding with Screw Conveyor at Vishwas Nagar"
MP3020008-W161634,2861907.481329131,0.25,"Delhi, EAST DELHI",77.75,1543500.0,0.6180558214726555,176,Delhi,1543500.0,"TPD Aerobic Drum Compost Plant along with Sieving Trommel, Shredding with Screw Conveyor at New Ashok Nagar"
MP3017308-W258718,2849190.8995073657,0.25,"Tamil Nadu, Sitting Rajya Sabha",78.0,7776619.159022535,0.18318956099333328,177,Tamil Nadu,10000000.0,"Construction of a compound wall and entrance arch in residential buildings built by the Tamil Nadu Urban Habitat Development Board in the Guavathoppu scheme area, Ward No. 63, Zone 5 of the Greater Chennai Corporation."
MP3042485-W180904,2809855.8658833667,0.25,"Tripura, TRIPURA WEST",78.25,4797288.150119764,0.2928587754118146,178,Tripura,6683300.0,"Construction of community guest house at Sri Sri Santikali Sevashram, Chintaram Kobra Para, Champaknagar, Jhirania, Tripura West Pin 799045"
MP3017255-W252090,2802248.3763247747,0.25,"Madhya Pradesh, Sitting Rajya Sabha",78.5,4660826.746322545,0.20041139543435338,179,Madhya Pradesh,5000000.0,"Construction of Rooms at Narmadanchal Vidyapeeth, Bargaon"
MP3017250-W235382,2768388.2834625663,0.25,"Kerala, Sitting Rajya Sabha",78.75,9935327.655961465,0.13932043206453582,180,Kerala,11000000.0,"Construction of a new building for Government Medical College, Idukki, Vazhathope Grama Panchayat, Idukki District."
MP3019259-W281554,2762160.659879808,0.25,"Punjab, Sitting Rajya Sabha",79.0,9668281.65283376,0.14284651394439996,181,Punjab,11832976.0,"Grant of rupees 1,18,32,976 for the capital expenditure of Multi Skill Development Center, Jalandhar for setting up Skill Development labs which includes Infrastructure Cost, Training Equipment, IT Equipment etc. The detailed breakup of the cost is attached herewith in the annexture"
MP3017323-W207135,2755612.3660212997,0.25,"Uttar Pradesh, Sitting Rajya Sabha",79.25,5926635.5789317945,0.2324769533508222,182,Uttar Pradesh,7359000.0,Interlocking with Drainage
MP3042298-W137519,2745171.3443472385,0.25,"Assam, Diphu (ST)",79.5,3409036.3099736846,0.4026315789473697,183,Assam,5000000.0,Installation of Solar Light under Singhason MAC Constituency
MP3019258-W259136,2741923.72624813,0.25,"Punjab, Sitting Rajya Sabha",79.75,4128781.058904075,0.33205002725137645,184,Punjab,5000000.0,"Construction of Crematorium structures in Banga Road, Phagwara, Kapurthala"
MP3017250-W132664,2716921.185726595,0.25,"Kerala, Sitting Rajya Sabha",80.0,7892581.677620269,0.17211866133932663,185,Kerala,15000000.0,"Construction of Modular Operation Theatre and installation of equipments thereto in Government Medical College, Idukki, Vazhathope Grama Panchayat, Idukki District."
MP3050536-W282198,2653481.9216286195,0.25,"Andhra Pradesh, Sitting Rajya Sabha",80.25,2339987.9658643715,0.37799082165342757,186,Andhra Pradesh,2500000.0,Construction of Community Hall
MP3017222-W224571,10471088.48106186,1.0,"Assam, Sitting Rajya Sabha",81.25,4811765.372888533,0.7253809270682152,187,Assam,5000000.0,Development of Swargodeo Chaulung Statue and Park at Tipam
MP3017222-W267536,5546333.771692657,0.25,"Assam, Sitting Rajya Sabha",81.5,4829416.936003038,0.5742239534492294,188,Assam,5000000.0,"Construction of Auditorium at Tai Ahom Cultural Preservation and Tai Bhasa Prasar Samittee, Ward No. 9"
MP3017224-W243464,5185697.840143173,0.25,"Assam, Sitting Rajya Sabha",81.75,4792323.754826687,0.5410421024790208,189,Assam,5000000.0,Constrution Of Aidew Handikoi Sanskritik Prakalpa at Bokakhat Town
MP3056512-W256047,3903196.366866161,0.25,"Assam, Sitting Rajya Sabha",82.0,3383934.2621260593,0.5767246146817668,190,Assam,3500000.0,"Construction of a Multi-purpose Community Hall at Madhav Dham, Shrigauri"
MP3019246-W244806,3783330.8699213886,0.25,"Assam, Sitting Rajya Sabha",82.25,4283733.203446716,0.44159272884656997,191,Assam,4500000.0,"Construction of irrigation canal at Chetonaguri irrigation canal under Dangtal VCDC, Sidli Dev. Block,  Chirang."
MP3019246-W256867,3528217.0207305313,0.25,"Assam, Sitting Rajya Sabha",82.5,3346844.1266333824,0.5270961071437159,192,Assam,3500000.0,"Construction of boundary wall of science centre at Kajalgaon, chirang."
MP3017224-W267595,2924359.170148464,0.25,"Assam, Sitting Rajya Sabha",82.75,2864991.320005853,0.5103609127413499,193,Assam,3000000.0,Construction and Beautiffication of Borahi Gaon Public Pond at Borahi Gaon Athgaon GP Dergaon LAC South Dergaon Dev.Block Golaghat
MP3017224-W243466,2697474.109442776,0.25,"Assam, Sitting Rajya Sabha",83.0,2407884.190389854,0.5601336891966626,194,Assam,2500000.0,Construction Of College Building of Hemo Prova Borbora Girls College at Golaghat
MP3017224-W243467,2697474.109442776,0.25,"Assam, Sitting Rajya Sabha",83.25,2407884.190389854,0.5601336891966626,195,Assam,2500000.0,"Construction Of Auditorium (Phase-II) for All Assam Maina Parijat at Sarusajai, Lokhora"
MP3047198-W274636,2585172.524381443,0.25,"Madhya Pradesh, Sitting Rajya Sabha",83.5,2154310.436984536,0.6,196,Madhya Pradesh,2498000.0,Construction of Community Hall
MP3044300-W279018,2570705.693219448,0.25,"Telangana, Sitting Rajya Sabha",83.75,2089817.4763428562,0.4100367172923538,197,Telangana,2200000.0,"Laying of UGD line from Pooja Store to Sai Krupa Apt, Dilsukhnagar, Hyderabad"
MP3017360-W269098,2566620.6078029736,0.25,"West Bengal, Sitting Rajya Sabha",84.0,4723400.554804586,0.27169203395128516,198,West Bengal,5000000.0,Construction of Memorial for tourist attraction near Katra Masjid
MP3017359-W269103,2566620.6078029736,0.25,"West Bengal, Sitting Rajya Sabha",84.25,4723400.554804586,0.27169203395128516,199,West Bengal,5000000.0,Construction of Memorial for tourist attraction near Katra Masjid
MP3017242-W259571,2566432.5326238945,0.25,"Karnataka, Sitting Rajya Sabha",84.5,8928197.831747156,0.14372623574144472,200,Karnataka,10500000.0,Construction of 5 class rooms and other works to Govt Higher Primary school at Ballurgi  village in Afzalpur Taluka
MP3018396-W280737,10163251.488430683,1.0,"Tamil Nadu, CHENNAI SOUTH",85.5,4582862.700757323,0.7392214686212902,201,Tamil Nadu,5000000.0,"Providing Compact Shelves in Roja Muthaiah Libraray, Tharamani"
MP3018396-W103765,2714257.168649167,0.25,"Tamil Nadu, CHENNAI SOUTH",85.75,15082663.858180689,0.08997936949900864,202,Tamil Nadu,25000000.0,"Additional Fund for Community Hall, Alwarpet"
MP3017222-W1396,2524950.7340325853,0.25,"Assam, Sitting Rajya Sabha",86.0,2390789.6599870953,0.528057899925461,203,Assam,2500000.0,"Construction of Community Hall at Mathura Kala Kristi Kendra, Naugaona, Chhata, Mathura"
MP3019184-W117738,2516279.729119502,0.25,"Tripura, TRIPURA WEST",86.25,2716377.9580539046,0.308778793915488,204,Tripura,5000000.0,Construction of Shed near Mehar Kali Bari
MP3017356-W263803,2489435.279381782,0.25,"West Bengal, Sitting Rajya Sabha",86.5,4720900.461187415,0.26366106422371294,205,West Bengal,5000000.0,Construction of counselling and training centre for unemployed students.
MP3017250-W132953,2486930.2499999995,0.25,"Kerala, Sitting Rajya Sabha",86.75,,0.5249999999999999,206,Kerala,2368505.0,"Construction of building for BUDS School & Rehabilitation Centre in Ward no.X (Kandakasseri), Payyavoor Grama Panchayath"
MP3044300-W218015,2452207.049450487,0.25,"Telangana, Sitting Rajya Sabha",87.0,4257386.368477143,0.28799442160186595,207,Telangana,4500000.0,"Providing Infrastructure Facilities at Sundaiah Park , Baglingampally Musherabad Assembly    Constituency"
MP3042559-W277770,2415331.998758399,0.25,"Maharashtra, Sitting Rajya Sabha",87.25,2386536.7846741583,0.5060328452234966,208,Maharashtra,2500000.0,To build competition exam centre
MP3018380-W138721,9648746.60931498,1.0,"Madhya Pradesh, RAJGARH",88.25,8040622.17442915,0.6,209,Madhya Pradesh,16177075.0,General workshed with toilets (125×80feet)
MP3042366-W267724,9634051.6574358,1.0,"Karnataka, GULBARGA(SC)",89.25,9544593.327610545,0.5046863353290534,210,Karnataka,10000000.0,Development of Community Sports Complex in filter bed Phase-I area in Ward No. 6 Kalaburagi City (SCP)
MP3017405-W43020,7648659.593264611,0.25,"Karnataka, GULBARGA(SC)",89.5,3751043.4041079087,0.6796917345618446,211,Karnataka,5500000.0,"Construction of Crematoriums or structures on burial/ cremation ground for public convenience and installation of Cremation Machine at Kishan Nagar Tanda, Malkhed Village of Sedam Taluk"
MP3017405-W120536,2389161.8832686823,0.25,"Karnataka, GULBARGA(SC)",89.75,0.0,0.11945809416343411,212,Karnataka,10000000.0,"Supply of Dual Desk Benches to Government Women's First Grade College, Jewargi Colony Ward No. 53"
MP3019643-W40701,9494271.972801212,1.0,"Tamil Nadu, CHENNAI NORTH",90.75,9769145.261528652,0.48593155893536033,213,Tamil Nadu,18460000.0,"Construction of 3 class rooms (3+3) stair case and Toilet in Panchayat Union Primary School at Manali in dn-21, Zone-2"
MP3019643-W41077,5172454.3796921475,0.25,"Tamil Nadu, CHENNAI NORTH",91.0,9909598.18570516,0.2609820440123163,214,Tamil Nadu,22000000.0,"Construction of indoor shuttle court area with wooden flooring and formation of footpath and fixing of outdoor gym equipment at existing play field at central avenue road MKB nagar in Dn-37, Unit-9, Zone-4."
MP3019643-W213686,3561031.2865079665,0.25,"Tamil Nadu, CHENNAI NORTH",91.25,5598311.596992431,0.3180451127819548,215,Tamil Nadu,10000000.0,High End Multipara Monitor with Provision for invasive BP and End Tidal carbon dioxide monitoring and all accessories
MP3042485-W225179,2352649.7491326914,0.25,"Tripura, TRIPURA WEST",91.5,4016696.6925003743,0.2928587754118146,216,Tripura,4947401.0,"Construction of Community Hall at 79 Tilla, Kunjaban under Ward No.5, AMC, Agartala"
MP3017508-W6333,2321582.0500789145,0.25,"Madhya Pradesh, Sitting Rajya Sabha",91.75,0.0,0.6448839027996985,217,Madhya Pradesh,1200000.0,"DRAINAGE LINE CONSTRUCTION WORK IN VILLAGE BANK, BLOCK AND DISTRICT INDORE (UNDER RAU VIDHANSABHA CONSTITUENCY)"
MP3017313-W280126,2309913.349886103,0.25,"Telangana, Sitting Rajya Sabha",92.0,4712215.075853648,0.24509846353603115,218,Telangana,5000000.0,"Construction of Additional Class rooms through SAI EDUCATIONAL AND HEALTHCARE TRUST in ZP High School Inugurthy(V,M), Mahabubabad Dist."
MP3044251-W282656,9232412.65736714,1.0,"Manipur, OUTER MANIPUR(ST)",93.0,8768213.138281636,0.5264705882352945,219,Manipur,10000000.0,installation of borewell handpump with submersible pump 10 villages within Kamjong district
MP3044251-W229508,8456355.70035183,0.25,"Manipur, OUTER MANIPUR(ST)",93.25,7046963.083626526,0.6,220,Manipur,10000000.0,installing 12 borewells within ukhrul district
MP3044251-W275361,7517592.534467969,0.25,"Manipur, OUTER MANIPUR(ST)",93.5,7139613.021561754,0.5264705882352945,221,Manipur,10000000.0,Installation of borewell handpump with submersible pump 10 numbers within Kamjong District
MP3017432-W94090,2955905.9424920124,0.25,"Manipur, OUTER MANIPUR(ST)",93.75,0.0,0.30790686900958464,222,Manipur,4800000.0,"Construction of IVR incl. shingling, ring culverts from Makuilongdi to Kanem Senapati District"
MP3042341-W246454,9197720.757230934,1.0,"Haryana, KARNAL",94.75,7664767.297692445,0.6,223,Haryana,9386764.0,Construction of interlocking in Khadanja between Road from Kutani to PWD road
MP3017340-W135729,2291418.6851210827,0.25,"Uttar Pradesh, Sitting Rajya Sabha",95.0,0.0,0.08096885813148702,224,Uttar Pradesh,14150000.0,"PER L.E.D LIGHT COST 283000 AND 50 NUMBER OF COST 1,41,50,000 (AS PER LIST)"
MP3017244-W244633,2279492.305906932,0.25,"Karnataka, Sitting Rajya Sabha",95.25,4203411.878117997,0.2711478641640436,225,Karnataka,5000000.0,CONSTRUCTION OF GOVT PRIMARY SCHOOL BUILDING WORK IN TUMBADI
MP3017324-W15725,2256437.7230838323,0.25,"Uttar Pradesh, Sitting Rajya Sabha",95.5,0.0,0.09475109873088527,226,Uttar Pradesh,11907185.0,Contruction of class room in AD gov. Kanya inter college 1st floor gkp
MP3047198-W275669,2252652.275450809,0.25,"Madhya Pradesh, Sitting Rajya Sabha",95.75,2347321.9052486024,0.3198896964826011,227,Madhya Pradesh,2500000.0,Construction of Community Hall
MP3043284-W198279,8957696.258849304,1.0,"Telangana, NAGARKURNOOL(SC)",96.75,7464746.882374421,0.6,228,Telangana,10000000.0,Construction of Class Rooms and Toilets for Mandal Parishath Upper Primary School at Desitikyal Nagarkurnool District
MP3017224-W254947,2219019.367353681,0.25,"Assam, Sitting Rajya Sabha",97.0,1931866.254466583,0.5743201327274039,229,Assam,2000000.0,Construction Of Community hall Near Sahid Khargeswar Talukdar Bhawan at Chamata Pathar Sonapur
MP3042430-W268656,8803153.45336772,1.0,"Odisha, KENDRAPARA",98.0,6094026.665375077,0.4815181563166494,230,Odisha,6400000.0,"Construction of Conference Hall on the 1st floor of District Bar Association to be fully completed inside Old Court premises, Ward No.14, Kendrapara Municipality, Kendrapara  754211"
MP3019113-W64395,6952637.2099673115,0.25,"Odisha, KENDRAPARA",98.25,0.0,0.2491984663070721,231,Odisha,9300000.0,"Purchase of Hydraulic tipping truck mounted road sweeping machine 
vacuum based mounted on 12 TON GVW BS -6 Engine Chassis for 
Kendrapara Municipality"
MP3019113-W39956,5907698.738287855,0.25,"Odisha, KENDRAPARA",98.5,0.0,0.4534506791428651,232,Odisha,4342772.0,"1.	Installation of 3 nos of Outdoor LED Display – Pixel Pitch 6-mm, Audio System
Smart Power Distribution Unit, LED Control System, Management 
Software with Cloud Publishing, Live Streaming, Mechanical Structure 
for Mounting of LED Walls, Desktop PC Interface Device, 
Network Switch, Auto Brightness Sensor, GSM Router 
of 12*8 square feet LED wall in Kendrapara Municipality area."
MP3042430-W278194,3146788.3824864635,0.25,"Odisha, KENDRAPARA",98.75,3307365.3664574283,0.3171495570059579,233,Odisha,3500000.0,"Construction of Kalyan Mandap to be fully completed at Ainipada, GP- Narasinghpur, Block- Pattamundai, Kendrapara"
MP3042430-W228540,3046131.157416608,0.25,"Odisha, KENDRAPARA",99.0,3761838.4061480956,0.2699151167186604,234,Odisha,4000000.0,"Construction of Gopabandhu Library Hall to be fully completed near DRDA office, Ward No.21, Kendrapara Municipality, Kendrapara"
MP3042430-W278193,2958118.0739821685,0.25,"Odisha, KENDRAPARA",99.25,1906687.0750639227,0.5171479740381618,235,Odisha,2000000.0,"Construction of one Conference Hall of Hatasahi Nodal High School to be fully completed at Hatasahi, Rajkanika Block, Kendrapara"
MP3042298-W244711,2186629.763321352,0.25,"Assam, Diphu (ST)",99.5,1929845.9604856188,0.566529611195268,236,Assam,2000000.0,"Construction of Community Hall cum Training Centre at Ar-eh Phirthak Aboha, Bura Teron gaon, Longnit"
MP3017368-W277874,2182964.635829442,0.25,"Odisha, Sitting Rajya Sabha",99.75,1429609.7378829939,0.5089884737965942,237,Odisha,1500000.0,"Construction of Prayer Hall-cum-Conference Hall at Saraswati Shishu Vidya Mandir, Haladia, Kendrapada, Odisha."
MP3019246-W244807,2173255.181623221,0.25,"Assam, Sitting Rajya Sabha",100.0,4245190.868756839,0.2559667219697517,238,Assam,4500000.0,"Construction of road from Sayaram House to Bengtal to Birhangaon PWD road under Kadamtala VCDC, Sidli Dev. Block, Chirang."
