work_id,seq,event_type,timestamp
W00001,1,RECOMMEND,2024-08-11
W00001,2,SANCTION,2024-10-15
W00001,3,EXECUTION_START,2024-11-06
W00001,4,PROGRESS_UPDATE,2024-12-15
W00001,5,PAYMENT,2025-04-05
W00002,1,RECOMMEND,2023-09-02
W00002,2,SANCTION,2023-11-20
W00002,3,EXECUTION_START,2023-12-05
W00002,4,PROGRESS_UPDATE,2024-02-19
W00002,5,PAYMENT,2024-03-12
W00003,1,RECOMMEND,2025-09-02
W00003,2,SANCTION,2025-10-28
W00003,3,EXECUTION_START,2025-11-28
W00003,4,PROGRESS_UPDATE,2026-01-16
W00003,5,PAYMENT,2026-04-05
W00003,6,COMPLETION,2026-08-28
W00003,7,EVIDENCE_UPLOAD,2026-09-02
W00004,1,RECOMMEND,2026-01-18
W00004,2,SANCTION,2026-03-25
W00004,3,EXECUTION_START,2026-04-12
W00004,4,PROGRESS_UPDATE,2026-05-17
W00004,5,PAYMENT,2026-10-26
W00005,1,RECOMMEND,2024-10-30
W00005,2,SANCTION,2025-01-23
W00005,3,EXECUTION_START,2025-02-10
W00005,4,PROGRESS_UPDATE,2025-05-11
W00005,5,PAYMENT,2025-08-13
W00006,1,RECOMMEND,2023-10-26
W00006,2,SANCTION,2023-12-13
W00006,3,EXECUTION_START,2024-01-16
W00006,4,PROGRESS_UPDATE,2024-03-06
W00006,5,PAYMENT,2024-03-25
W00006,6,COMPLETION,2024-05-22
W00007,1,RECOMMEND,2025-08-17
W00007,2,SANCTION,2025-10-13
W00007,3,EXECUTION_START,2025-11-17
W00007,4,PROGRESS_UPDATE,2026-02-15
W00007,5,PAYMENT,2026-02-15
W00007,6,COMPLETION,2026-07-19
W00007,7,EVIDENCE_UPLOAD,2026-07-24
W00008,1,RECOMMEND,2024-09-28
W00008,2,SANCTION,2024-12-10
W00008,3,EXECUTION_START,2025-01-23
W00008,4,PROGRESS_UPDATE,2025-02-19
W00008,5,PAYMENT,2025-07-27
W00009,1,RECOMMEND,2024-07-04
W00009,2,SANCTION,2024-08-23
W00009,3,EXECUTION_START,2024-10-01
W00009,4,PROGRESS_UPDATE,2024-10-24
W00009,5,PAYMENT,2025-04-01
W00009,6,COMPLETION,2025-03-04
W00009,7,EVIDENCE_UPLOAD,2025-03-06
W00010,1,RECOMMEND,2023-09-12
W00010,2,SANCTION,2023-12-11
W00010,3,EXECUTION_START,2024-01-05
W00010,4,PROGRESS_UPDATE,2024-02-21
W00010,5,PAYMENT,2024-04-01
W00010,6,COMPLETION,2024-08-24
W00010,7,EVIDENCE_UPLOAD,2024-08-31
W00011,1,RECOMMEND,2025-01-20
W00011,2,SANCTION,2025-03-02
W00012,1,RECOMMEND,2024-11-01
W00012,2,SANCTION,2025-01-06
W00012,3,EXECUTION_START,2025-02-03
W00012,4,PROGRESS_UPDATE,2025-04-29
W00012,5,PAYMENT,2025-06-18
W00013,1,RECOMMEND,2023-05-05
W00013,2,SANCTION,2023-07-28
W00013,3,EXECUTION_START,2023-08-30
W00013,4,PROGRESS_UPDATE,2023-10-14
W00013,5,PAYMENT,2023-10-29
W00014,1,RECOMMEND,2023-12-25
W00014,2,SANCTION,2024-02-27
W00014,3,EXECUTION_START,2024-03-26
W00014,4,PROGRESS_UPDATE,2024-06-23
W00014,5,PAYMENT,2024-09-28
W00014,6,COMPLETION,2024-06-07
W00014,7,EVIDENCE_UPLOAD,2024-06-14
W00015,1,RECOMMEND,2024-06-05
W00015,2,SANCTION,2024-08-26
W00015,3,EXECUTION_START,2024-10-09
W00015,4,PROGRESS_UPDATE,2024-12-02
W00015,5,PAYMENT,2025-03-12
W00015,6,COMPLETION,2024-12-09
W00015,7,EVIDENCE_UPLOAD,2024-12-12
W00016,1,RECOMMEND,2023-06-03
W00016,2,SANCTION,2023-07-06
W00016,3,EXECUTION_START,2023-07-23
W00016,4,PROGRESS_UPDATE,2023-09-21
W00016,5,PAYMENT,2023-08-30
W00017,1,RECOMMEND,2024-11-06
W00017,2,SANCTION,2024-12-13
W00017,3,EXECUTION_START,2025-01-01
W00017,4,PROGRESS_UPDATE,2025-02-12
W00017,5,PAYMENT,2025-01-31
W00018,1,RECOMMEND,2024-04-28
W00018,2,SANCTION,2024-06-20
W00018,3,EXECUTION_START,2024-07-25
W00018,4,PROGRESS_UPDATE,2024-09-14
W00018,5,PAYMENT,2024-11-12
W00019,1,RECOMMEND,2023-09-14
W00019,2,SANCTION,2023-11-06
W00019,3,EXECUTION_START,2023-12-19
W00019,4,PROGRESS_UPDATE,2024-02-25
W00019,5,PAYMENT,2024-03-25
W00019,6,COMPLETION,2024-07-09
W00019,7,EVIDENCE_UPLOAD,2024-07-10
W00020,1,RECOMMEND,2023-12-26
W00020,2,SANCTION,2024-01-30
W00020,3,EXECUTION_START,2024-03-03
W00020,4,PROGRESS_UPDATE,2024-04-07
W00020,5,PAYMENT,2024-09-17
W00021,1,RECOMMEND,2025-09-01
W00021,2,SANCTION,2025-11-21
W00022,1,RECOMMEND,2023-08-02
W00022,2,SANCTION,2023-09-12
W00022,3,EXECUTION_START,2023-10-17
W00022,4,PROGRESS_UPDATE,2023-12-26
W00022,5,PAYMENT,2024-03-11
W00022,6,COMPLETION,2024-02-17
W00022,7,EVIDENCE_UPLOAD,2024-02-22
W00023,1,RECOMMEND,2023-10-30
W00023,2,SANCTION,2024-01-12
W00023,3,EXECUTION_START,2024-02-14
W00023,4,PROGRESS_UPDATE,2024-04-25
W00023,5,PAYMENT,2024-08-10
W00023,6,COMPLETION,2024-10-24
W00023,7,EVIDENCE_UPLOAD,2024-10-26
W00024,1,RECOMMEND,2025-11-13
W00024,2,SANCTION,2026-01-19
W00025,1,RECOMMEND,2025-01-25
W00025,2,SANCTION,2025-04-02
W00025,3,EXECUTION_START,2025-04-25
W00025,4,PROGRESS_UPDATE,2025-07-02
W00025,5,PAYMENT,2025-07-19
W00025,6,COMPLETION,2026-02-06
W00025,7,EVIDENCE_UPLOAD,2026-02-09
W00026,1,RECOMMEND,2025-12-02
W00026,2,SANCTION,2026-02-14
W00026,3,EXECUTION_START,2026-03-20
W00026,4,PROGRESS_UPDATE,2026-04-18
W00026,5,PAYMENT,2026-08-16
W00026,6,COMPLETION,2026-07-10
W00026,7,EVIDENCE_UPLOAD,2026-07-16
W00027,1,RECOMMEND,2023-07-07
W00027,2,SANCTION,2023-09-24
W00027,3,EXECUTION_START,2023-10-17
W00027,4,PROGRESS_UPDATE,2023-11-11
W00027,5,PAYMENT,2024-01-02
W00028,1,RECOMMEND,2024-04-19
W00028,2,SANCTION,2024-06-10
W00028,3,EXECUTION_START,2024-07-09
W00028,4,PROGRESS_UPDATE,2024-09-15
W00028,5,PAYMENT,2024-11-02
W00029,1,RECOMMEND,2023-08-19
W00029,2,SANCTION,2023-09-22
W00029,3,EXECUTION_START,2023-10-28
W00029,4,PROGRESS_UPDATE,2024-01-03
W00029,5,PAYMENT,2023-12-25
W00030,1,RECOMMEND,2025-01-15
W00030,2,SANCTION,2025-03-20
W00030,3,EXECUTION_START,2025-04-20
W00030,4,PROGRESS_UPDATE,2025-06-16
W00030,5,PAYMENT,2025-11-06
W00031,1,RECOMMEND,2023-09-17
W00031,2,SANCTION,2023-11-27
W00031,3,EXECUTION_START,2024-01-04
W00031,4,PROGRESS_UPDATE,2024-03-25
W00031,5,PAYMENT,2024-07-04
W00032,1,RECOMMEND,2024-10-01
W00032,2,SANCTION,2024-11-06
W00032,3,EXECUTION_START,2024-11-29
W00032,4,PROGRESS_UPDATE,2025-01-22
W00032,5,PAYMENT,2025-04-06
W00032,6,COMPLETION,2025-04-07
W00032,7,EVIDENCE_UPLOAD,2025-04-10
W00033,1,RECOMMEND,2024-05-28
W00033,2,SANCTION,2024-07-06
W00033,3,EXECUTION_START,2024-07-29
W00033,4,PROGRESS_UPDATE,2024-09-11
W00033,5,PAYMENT,2024-09-22
W00033,6,COMPLETION,2025-02-25
W00033,7,EVIDENCE_UPLOAD,2025-03-03
W00034,1,RECOMMEND,2025-06-27
W00034,2,SANCTION,2025-09-01
W00034,3,EXECUTION_START,2025-09-21
W00034,4,PROGRESS_UPDATE,2025-12-02
W00034,5,PAYMENT,2025-12-24
W00034,6,COMPLETION,2026-01-10
W00034,7,EVIDENCE_UPLOAD,2026-01-16
W00035,1,RECOMMEND,2023-07-07
W00035,2,SANCTION,2023-09-21
W00035,3,EXECUTION_START,2023-10-26
W00035,4,PROGRESS_UPDATE,2024-01-21
W00035,5,PAYMENT,2023-12-22
W00036,1,RECOMMEND,2025-11-14
W00036,2,SANCTION,2025-12-21
W00036,3,EXECUTION_START,2026-01-23
W00036,4,PROGRESS_UPDATE,2026-02-18
W00036,5,PAYMENT,2026-08-09
W00036,6,COMPLETION,2026-06-04
W00036,7,EVIDENCE_UPLOAD,2026-06-04
W00037,1,RECOMMEND,2024-06-08
W00037,2,SANCTION,2024-07-13
W00037,3,EXECUTION_START,2024-08-24
W00037,4,PROGRESS_UPDATE,2024-10-09
W00037,5,PAYMENT,2025-02-23
W00037,6,COMPLETION,2025-05-25
W00037,7,EVIDENCE_UPLOAD,2025-05-26
W00038,1,RECOMMEND,2023-06-22
W00038,2,SANCTION,2023-08-16
W00038,3,EXECUTION_START,2023-09-15
W00038,4,PROGRESS_UPDATE,2023-10-07
W00038,5,PAYMENT,2023-11-01
W00038,6,COMPLETION,2024-03-14
W00038,7,EVIDENCE_UPLOAD,2024-03-21
W00039,1,RECOMMEND,2025-10-03
W00039,2,SANCTION,2025-12-10
W00039,3,EXECUTION_START,2026-01-06
W00039,4,PROGRESS_UPDATE,2026-03-25
W00039,5,PAYMENT,2026-02-05
W00040,1,RECOMMEND,2023-06-11
W00040,2,SANCTION,2023-07-18
W00040,3,EXECUTION_START,2023-08-21
W00040,4,PROGRESS_UPDATE,2023-11-06
W00040,5,PAYMENT,2024-01-11
W00040,6,COMPLETION,2023-12-02
W00040,7,EVIDENCE_UPLOAD,2023-12-07
W00041,1,RECOMMEND,2023-08-02
W00041,2,SANCTION,2023-09-07
W00041,3,EXECUTION_START,2023-10-04
W00041,4,PROGRESS_UPDATE,2023-11-08
W00041,5,PAYMENT,2023-12-21
W00041,6,COMPLETION,2024-04-02
W00041,7,EVIDENCE_UPLOAD,2024-04-02
W00042,1,RECOMMEND,2024-12-07
W00042,2,SANCTION,2025-01-21
W00043,1,RECOMMEND,2023-12-14
W00043,2,SANCTION,2024-01-15
W00043,3,EXECUTION_START,2024-02-14
W00043,4,PAYMENT,2024-05-02
W00043,5,COMPLETION,2024-04-27
W00043,6,EVIDENCE_UPLOAD,2024-05-01
W00044,1,RECOMMEND,2024-05-29
W00044,2,SANCTION,2024-07-30
W00044,3,EXECUTION_START,2024-08-26
W00044,4,PROGRESS_UPDATE,2024-11-03
W00044,5,PAYMENT,2024-12-19
W00045,1,RECOMMEND,2024-09-24
W00045,2,SANCTION,2024-11-10
W00045,3,EXECUTION_START,2024-12-21
W00045,4,PROGRESS_UPDATE,2025-01-29
W00045,5,PAYMENT,2025-05-29
W00045,6,COMPLETION,2025-04-03
W00045,7,EVIDENCE_UPLOAD,2025-04-05
W00046,1,RECOMMEND,2025-04-29
W00046,2,SANCTION,2025-07-24
W00046,3,EXECUTION_START,2025-08-27
W00046,4,PROGRESS_UPDATE,2025-09-25
W00046,5,PAYMENT,2025-10-08
W00047,1,RECOMMEND,2023-08-02
W00047,2,SANCTION,2023-10-15
W00047,3,EXECUTION_START,2023-10-31
W00047,4,PROGRESS_UPDATE,2023-12-26
W00047,5,PAYMENT,2024-05-13
W00047,6,COMPLETION,2024-02-07
W00047,7,EVIDENCE_UPLOAD,2024-02-10
W00048,1,RECOMMEND,2024-12-31
W00048,2,SANCTION,2025-03-21
W00049,1,RECOMMEND,2023-11-25
W00049,2,SANCTION,2024-01-19
W00049,3,EXECUTION_START,2024-02-10
W00049,4,PROGRESS_UPDATE,2024-04-27
W00049,5,PAYMENT,2024-08-15
W00049,6,COMPLETION,2024-11-07
W00049,7,EVIDENCE_UPLOAD,2024-11-08
W00050,1,RECOMMEND,2023-09-22
W00050,2,SANCTION,2023-11-13
W00050,3,EXECUTION_START,2023-12-04
W00050,4,PROGRESS_UPDATE,2024-01-01
W00050,5,PAYMENT,2024-01-21
W00050,6,COMPLETION,2024-06-05
W00050,7,EVIDENCE_UPLOAD,2024-06-08
W00051,1,RECOMMEND,2023-07-15
W00051,2,SANCTION,2023-09-29
W00051,3,EXECUTION_START,2023-10-20
W00051,4,PROGRESS_UPDATE,2023-12-03
W00051,5,PAYMENT,2024-04-23
W00051,6,COMPLETION,2024-07-29
W00051,7,EVIDENCE_UPLOAD,2024-08-04
W00052,1,RECOMMEND,2024-04-10
W00052,2,SANCTION,2024-05-21
W00053,1,RECOMMEND,2024-07-10
W00053,2,SANCTION,2024-09-25
W00053,3,EXECUTION_START,2024-11-04
W00053,4,PROGRESS_UPDATE,2024-12-03
W00053,5,PAYMENT,2025-01-09
W00054,1,RECOMMEND,2024-06-22
W00054,2,SANCTION,2024-08-18
W00054,3,EXECUTION_START,2024-09-11
W00054,4,PROGRESS_UPDATE,2024-11-06
W00054,5,PAYMENT,2025-02-06
W00055,1,RECOMMEND,2025-04-06
W00055,2,SANCTION,2025-05-06
W00055,3,EXECUTION_START,2025-05-25
W00055,4,PROGRESS_UPDATE,2025-06-14
W00055,5,PAYMENT,2025-11-06
W00055,6,COMPLETION,2026-01-01
W00055,7,EVIDENCE_UPLOAD,2026-01-04
W00056,1,RECOMMEND,2024-09-21
W00056,2,SANCTION,2024-12-13
W00056,3,EXECUTION_START,2024-12-29
W00056,4,PROGRESS_UPDATE,2025-03-22
W00056,5,PAYMENT,2025-06-16
W00056,6,COMPLETION,2025-07-31
W00056,7,EVIDENCE_UPLOAD,2025-08-06
W00057,1,RECOMMEND,2025-08-05
W00057,2,SANCTION,2025-09-12
W00057,3,EXECUTION_START,2025-10-20
W00057,4,PROGRESS_UPDATE,2025-11-11
W00057,5,PAYMENT,2026-03-04
W00057,6,COMPLETION,2026-07-01
W00057,7,EVIDENCE_UPLOAD,2026-07-03
W00058,1,RECOMMEND,2025-12-20
W00058,2,SANCTION,2026-02-14
W00058,3,EXECUTION_START,2026-03-12
W00058,4,PROGRESS_UPDATE,2026-04-18
W00058,5,PAYMENT,2026-09-19
W00059,1,RECOMMEND,2024-12-28
W00059,2,SANCTION,2025-02-05
W00059,3,EXECUTION_START,2025-03-10
W00059,4,PROGRESS_UPDATE,2025-04-28
W00059,5,PAYMENT,2025-05-14
W00059,6,COMPLETION,2025-07-28
W00059,7,EVIDENCE_UPLOAD,2025-08-04
W00060,1,RECOMMEND,2025-08-16
W00060,2,SANCTION,2025-09-21
W00060,3,EXECUTION_START,2025-10-19
W00060,4,PROGRESS_UPDATE,2026-01-04
W00060,5,PAYMENT,2025-12-07
W00060,6,COMPLETION,2026-06-07
W00060,7,EVIDENCE_UPLOAD,2026-06-10
W00061,1,RECOMMEND,2024-09-09
W00061,2,SANCTION,2024-10-12
W00062,1,RECOMMEND,2023-07-12
W00062,2,SANCTION,2023-09-27
W00062,3,EXECUTION_START,2023-10-14
W00062,4,PROGRESS_UPDATE,2023-12-02
W00062,5,PAYMENT,2024-03-26
W00062,6,COMPLETION,2024-06-08
W00063,1,RECOMMEND,2023-06-13
W00063,2,SANCTION,2023-07-22
W00063,3,EXECUTION_START,2023-09-03
W00063,4,PROGRESS_UPDATE,2023-11-12
W00063,5,PAYMENT,2023-11-17
W00063,6,COMPLETION,2024-04-30
W00063,7,EVIDENCE_UPLOAD,2024-04-30
W00064,1,RECOMMEND,2025-07-19
W00064,2,SANCTION,2025-09-11
W00064,3,EXECUTION_START,2025-10-20
W00064,4,PROGRESS_UPDATE,2025-11-25
W00064,5,PAYMENT,2026-03-09
W00065,1,RECOMMEND,2023-04-04
W00065,2,SANCTION,2023-07-03
W00065,3,EXECUTION_START,2023-07-29
W00065,4,PROGRESS_UPDATE,2023-10-19
W00065,5,PAYMENT,2023-12-28
W00065,6,COMPLETION,2023-11-02
W00065,7,EVIDENCE_UPLOAD,2023-11-03
W00066,1,RECOMMEND,2025-10-26
W00066,2,SANCTION,2025-12-24
W00066,3,EXECUTION_START,2026-01-25
W00066,4,PROGRESS_UPDATE,2026-04-04
W00066,5,PAYMENT,2026-05-13
W00066,6,COMPLETION,2026-08-10
W00066,7,EVIDENCE_UPLOAD,2026-08-13
W00067,1,RECOMMEND,2023-04-28
W00067,2,SANCTION,2023-07-05
W00067,3,EXECUTION_START,2023-07-21
W00067,4,PROGRESS_UPDATE,2023-08-25
W00067,5,PAYMENT,2024-01-24
W00068,1,RECOMMEND,2025-07-21
W00068,2,SANCTION,2025-09-09
W00068,3,EXECUTION_START,2025-10-08
W00068,4,PROGRESS_UPDATE,2025-12-11
W00068,5,PAYMENT,2026-03-31
W00068,6,COMPLETION,2026-04-15
W00068,7,EVIDENCE_UPLOAD,2026-04-20
W00069,1,RECOMMEND,2025-08-06
W00069,2,SANCTION,2025-09-23
W00069,3,EXECUTION_START,2025-10-21
W00069,4,PROGRESS_UPDATE,2025-12-02
W00069,5,PAYMENT,2026-03-15
W00070,1,RECOMMEND,2023-07-31
W00070,2,SANCTION,2023-10-23
W00070,3,EXECUTION_START,2023-11-19
W00070,4,PROGRESS_UPDATE,2024-02-17
W00070,5,PAYMENT,2024-02-11
W00070,6,COMPLETION,2024-04-25
W00070,7,EVIDENCE_UPLOAD,2024-05-02
W00071,1,RECOMMEND,2024-11-11
W00071,2,SANCTION,2025-01-03
W00071,3,EXECUTION_START,2025-02-16
W00071,4,PROGRESS_UPDATE,2025-03-08
W00071,5,PAYMENT,2025-04-13
W00071,6,COMPLETION,2025-09-30
W00071,7,EVIDENCE_UPLOAD,2025-10-05
W00072,1,RECOMMEND,2023-04-15
W00072,2,SANCTION,2023-06-18
W00072,3,EXECUTION_START,2023-07-26
W00072,4,PROGRESS_UPDATE,2023-09-27
W00072,5,PAYMENT,2023-11-13
W00072,6,COMPLETION,2024-05-16
W00072,7,EVIDENCE_UPLOAD,2024-05-17
W00073,1,RECOMMEND,2023-05-14
W00073,2,SANCTION,2023-07-10
W00073,3,EXECUTION_START,2023-07-25
W00073,4,PROGRESS_UPDATE,2023-09-18
W00073,5,PAYMENT,2023-11-21
W00074,1,RECOMMEND,2024-08-25
W00074,2,SANCTION,2024-09-30
W00074,3,EXECUTION_START,2024-11-04
W00074,4,PROGRESS_UPDATE,2024-11-25
W00074,5,PAYMENT,2024-12-25
W00074,6,COMPLETION,2025-07-12
W00074,7,EVIDENCE_UPLOAD,2025-07-17
W00075,1,RECOMMEND,2024-07-13
W00075,2,SANCTION,2024-09-22
W00075,3,EXECUTION_START,2024-10-19
W00075,4,PROGRESS_UPDATE,2024-12-08
W00075,5,PAYMENT,2024-12-01
W00075,6,COMPLETION,2025-01-09
W00075,7,EVIDENCE_UPLOAD,2025-01-10
W00076,1,RECOMMEND,2024-08-24
W00076,2,SANCTION,2024-10-15
W00077,1,RECOMMEND,2025-12-26
W00077,2,SANCTION,2026-02-07
W00077,3,EXECUTION_START,2026-03-08
W00077,4,PROGRESS_UPDATE,2026-04-24
W00077,5,PAYMENT,2026-07-26
W00077,6,COMPLETION,2026-05-22
W00077,7,EVIDENCE_UPLOAD,2026-05-24
W00078,1,RECOMMEND,2023-09-15
W00078,2,SANCTION,2023-11-15
W00078,3,EXECUTION_START,2023-12-07
W00078,4,PROGRESS_UPDATE,2024-01-18
W00078,5,PAYMENT,2024-01-20
W00078,6,COMPLETION,2024-05-13
W00078,7,EVIDENCE_UPLOAD,2024-05-17
W00079,1,RECOMMEND,2025-05-27
W00079,2,SANCTION,2025-07-09
W00080,1,RECOMMEND,2025-10-19
W00080,2,SANCTION,2025-12-26
W00080,3,EXECUTION_START,2026-01-27
W00080,4,PROGRESS_UPDATE,2026-02-23
W00080,5,PAYMENT,2026-07-29
W00080,6,COMPLETION,2026-07-14
W00080,7,EVIDENCE_UPLOAD,2026-07-15
W00081,1,RECOMMEND,2024-07-23
W00081,2,SANCTION,2024-09-15
W00081,3,EXECUTION_START,2024-10-26
W00081,4,PROGRESS_UPDATE,2024-12-07
W00081,5,PAYMENT,2025-03-29
W00081,6,COMPLETION,2025-05-02
W00081,7,EVIDENCE_UPLOAD,2025-05-03
W00082,1,RECOMMEND,2023-08-31
W00082,2,SANCTION,2023-10-30
W00082,3,EXECUTION_START,2023-12-04
W00082,4,PROGRESS_UPDATE,2024-02-06
W00082,5,PAYMENT,2024-02-10
W00082,6,COMPLETION,2024-06-19
W00082,7,EVIDENCE_UPLOAD,2024-06-22
W00083,1,RECOMMEND,2025-08-28
W00083,2,SANCTION,2025-11-25
W00083,3,EXECUTION_START,2025-12-10
W00083,4,PROGRESS_UPDATE,2026-01-22
W00083,5,PAYMENT,2026-06-01
W00084,1,RECOMMEND,2024-12-05
W00084,2,SANCTION,2025-01-15
W00084,3,EXECUTION_START,2025-02-16
W00084,4,PROGRESS_UPDATE,2025-03-21
W00084,5,PAYMENT,2025-07-15
W00084,6,COMPLETION,2025-07-26
W00084,7,EVIDENCE_UPLOAD,2025-07-26
W00085,1,RECOMMEND,2025-01-11
W00085,2,SANCTION,2025-03-14
W00085,3,EXECUTION_START,2025-04-08
W00085,4,PROGRESS_UPDATE,2025-05-31
W00085,5,PAYMENT,2025-07-17
W00086,1,RECOMMEND,2023-08-14
W00086,2,SANCTION,2023-10-19
W00086,3,EXECUTION_START,2023-11-27
W00086,4,PROGRESS_UPDATE,2024-01-30
W00086,5,PAYMENT,2024-02-16
W00086,6,COMPLETION,2024-06-04
W00086,7,EVIDENCE_UPLOAD,2024-06-09
W00087,1,RECOMMEND,2024-06-12
W00087,2,SANCTION,2024-07-22
W00087,3,EXECUTION_START,2024-08-07
W00087,4,PROGRESS_UPDATE,2024-10-22
W00087,5,PAYMENT,2025-01-09
W00087,6,COMPLETION,2025-03-25
W00087,7,EVIDENCE_UPLOAD,2025-03-31
W00088,1,RECOMMEND,2023-04-17
W00088,2,SANCTION,2023-05-27
W00088,3,EXECUTION_START,2023-06-24
W00088,4,PROGRESS_UPDATE,2023-08-30
W00088,5,PAYMENT,2023-07-24
W00088,6,COMPLETION,2024-02-02
W00088,7,EVIDENCE_UPLOAD,2024-02-06
W00089,1,RECOMMEND,2024-11-06
W00089,2,SANCTION,2025-01-22
W00089,3,EXECUTION_START,2025-02-15
W00089,4,PROGRESS_UPDATE,2025-03-24
W00089,5,PAYMENT,2025-04-15
W00089,6,COMPLETION,2025-05-24
W00089,7,EVIDENCE_UPLOAD,2025-05-25
W00090,1,RECOMMEND,2025-11-13
W00090,2,SANCTION,2025-12-29
W00090,3,EXECUTION_START,2026-01-18
W00090,4,PROGRESS_UPDATE,2026-02-11
W00090,5,PAYMENT,2026-02-17
W00091,1,RECOMMEND,2025-09-15
W00091,2,SANCTION,2025-11-24
W00091,3,EXECUTION_START,2025-12-16
W00091,4,PROGRESS_UPDATE,2026-01-25
W00091,5,PAYMENT,2026-05-10
W00092,1,RECOMMEND,2024-01-05
W00092,2,SANCTION,2024-03-17
W00093,1,RECOMMEND,2025-10-13
W00093,2,SANCTION,2025-12-24
W00093,3,EXECUTION_START,2026-02-05
W00093,4,PROGRESS_UPDATE,2026-03-05
W00093,5,PAYMENT,2026-04-29
W00093,6,COMPLETION,2026-10-11
W00093,7,EVIDENCE_UPLOAD,2026-10-13
W00094,1,RECOMMEND,2023-09-05
W00094,2,SANCTION,2023-11-07
W00094,3,EXECUTION_START,2023-11-27
W00094,4,PROGRESS_UPDATE,2023-12-25
W00094,5,PAYMENT,2024-03-29
W00094,6,COMPLETION,2024-03-23
W00094,7,EVIDENCE_UPLOAD,2024-03-30
W00095,1,RECOMMEND,2024-04-07
W00095,2,SANCTION,2024-05-10
W00095,3,EXECUTION_START,2024-06-05
W00095,4,PROGRESS_UPDATE,2024-08-03
W00095,5,PAYMENT,2024-09-18
W00095,6,COMPLETION,2025-01-23
W00095,7,EVIDENCE_UPLOAD,2025-01-25
W00096,1,RECOMMEND,2023-06-21
W00096,2,SANCTION,2023-09-06
W00096,3,EXECUTION_START,2023-10-03
W00096,4,PROGRESS_UPDATE,2023-11-30
W00096,5,PAYMENT,2024-03-11
W00096,6,COMPLETION,2024-04-15
W00096,7,EVIDENCE_UPLOAD,2024-04-15
W00097,1,RECOMMEND,2024-09-18
W00097,2,SANCTION,2024-11-22
W00098,1,RECOMMEND,2024-05-20
W00098,2,SANCTION,2024-07-30
W00098,3,EXECUTION_START,2024-08-22
W00098,4,PROGRESS_UPDATE,2024-09-18
W00098,5,PAYMENT,2025-01-21
W00098,6,COMPLETION,2025-04-29
W00098,7,EVIDENCE_UPLOAD,2025-05-02
W00099,1,RECOMMEND,2025-11-18
W00099,2,SANCTION,2026-01-03
W00099,3,EXECUTION_START,2026-01-31
W00099,4,PROGRESS_UPDATE,2026-02-25
W00099,5,PAYMENT,2026-06-17
W00099,6,COMPLETION,2026-11-13
W00099,7,EVIDENCE_UPLOAD,2026-11-18
W00100,1,RECOMMEND,2023-04-16
W00100,2,SANCTION,2023-06-26
W00100,3,EXECUTION_START,2023-07-24
W00100,4,PROGRESS_UPDATE,2023-10-16
W00100,5,PAYMENT,2023-09-18
W00100,6,COMPLETION,2024-03-26
W00100,7,EVIDENCE_UPLOAD,2024-04-01
W00101,1,RECOMMEND,2025-05-20
W00101,2,SANCTION,2025-08-10
W00101,3,EXECUTION_START,2025-08-29
W00101,4,PROGRESS_UPDATE,2025-10-25
W00101,5,PAYMENT,2026-02-06
W00102,1,RECOMMEND,2024-12-11
W00102,2,SANCTION,2025-01-30
W00102,3,EXECUTION_START,2025-03-06
W00102,4,PROGRESS_UPDATE,2025-05-08
W00102,5,PAYMENT,2025-08-14
W00102,6,COMPLETION,2025-08-26
W00102,7,EVIDENCE_UPLOAD,2025-08-31
W00103,1,RECOMMEND,2023-07-23
W00103,2,SANCTION,2023-10-16
W00103,3,EXECUTION_START,2023-11-30
W00103,4,PROGRESS_UPDATE,2024-01-16
W00103,5,PAYMENT,2024-02-26
W00103,6,COMPLETION,2024-04-23
W00103,7,EVIDENCE_UPLOAD,2024-04-26
W00104,1,RECOMMEND,2025-01-25
W00104,2,SANCTION,2025-02-28
W00104,3,EXECUTION_START,2025-04-09
W00104,4,PROGRESS_UPDATE,2025-05-24
W00104,5,PAYMENT,2025-08-05
W00104,6,COMPLETION,2025-08-11
W00104,7,EVIDENCE_UPLOAD,2025-08-12
W00105,1,RECOMMEND,2025-01-22
W00105,2,SANCTION,2025-03-11
W00106,1,RECOMMEND,2023-08-07
W00106,2,SANCTION,2023-10-23
W00106,3,EXECUTION_START,2023-11-10
W00106,4,PROGRESS_UPDATE,2023-12-21
W00106,5,PAYMENT,2024-05-05
W00107,1,RECOMMEND,2025-01-10
W00107,2,SANCTION,2025-02-27
W00107,3,EXECUTION_START,2025-03-14
W00107,4,PROGRESS_UPDATE,2025-04-03
W00107,5,PAYMENT,2025-08-04
W00107,6,COMPLETION,2025-09-14
W00107,7,EVIDENCE_UPLOAD,2025-09-15
W00108,1,RECOMMEND,2024-10-05
W00108,2,SANCTION,2024-12-20
W00108,3,EXECUTION_START,2025-01-04
W00108,4,PROGRESS_UPDATE,2025-03-22
W00108,5,PAYMENT,2025-06-22
W00109,1,RECOMMEND,2023-06-29
W00109,2,SANCTION,2023-09-14
W00109,3,EXECUTION_START,2023-10-24
W00109,4,PROGRESS_UPDATE,2023-12-11
W00109,5,PAYMENT,2024-02-11
W00109,6,COMPLETION,2024-02-27
W00109,7,EVIDENCE_UPLOAD,2024-03-03
W00110,1,RECOMMEND,2024-12-05
W00110,2,SANCTION,2025-02-23
W00110,3,EXECUTION_START,2025-03-10
W00110,4,PROGRESS_UPDATE,2025-04-10
W00110,5,PAYMENT,2025-07-29
W00110,6,COMPLETION,2025-09-03
W00110,7,EVIDENCE_UPLOAD,2025-09-04
W00111,1,RECOMMEND,2024-04-20
W00111,2,SANCTION,2024-05-27
W00111,3,EXECUTION_START,2024-06-27
W00111,4,PROGRESS_UPDATE,2024-08-27
W00111,5,PAYMENT,2024-09-19
W00111,6,COMPLETION,2025-04-10
W00111,7,EVIDENCE_UPLOAD,2025-04-10
W00112,1,RECOMMEND,2024-12-22
W00112,2,SANCTION,2025-02-23
W00112,3,EXECUTION_START,2025-03-23
W00112,4,PROGRESS_UPDATE,2025-05-11
W00112,5,PAYMENT,2025-08-20
W00112,6,COMPLETION,2025-11-09
W00112,7,EVIDENCE_UPLOAD,2025-11-11
W00113,1,RECOMMEND,2024-09-20
W00113,2,SANCTION,2024-11-11
W00113,3,EXECUTION_START,2024-12-20
W00113,4,PROGRESS_UPDATE,2025-02-27
W00113,5,PAYMENT,2025-03-03
W00113,6,COMPLETION,2025-08-29
W00113,7,EVIDENCE_UPLOAD,2025-09-02
W00114,1,RECOMMEND,2025-09-27
W00114,2,SANCTION,2025-10-27
W00114,3,EXECUTION_START,2025-11-30
W00114,4,PROGRESS_UPDATE,2026-01-21
W00114,5,PAYMENT,2026-04-02
W00114,6,COMPLETION,2026-08-04
W00114,7,EVIDENCE_UPLOAD,2026-08-11
W00115,1,RECOMMEND,2023-05-08
W00115,2,SANCTION,2023-07-29
W00116,1,RECOMMEND,2025-01-15
W00116,2,SANCTION,2025-02-21
W00116,3,EXECUTION_START,2025-03-17
W00116,4,PROGRESS_UPDATE,2025-06-01
W00116,5,PAYMENT,2025-10-01
W00116,6,COMPLETION,2025-08-18
W00116,7,EVIDENCE_UPLOAD,2025-08-22
W00117,1,RECOMMEND,2024-12-22
W00117,2,SANCTION,2025-02-20
W00117,3,EXECUTION_START,2025-03-17
W00117,4,PROGRESS_UPDATE,2025-06-13
W00117,5,PAYMENT,2025-05-02
W00117,6,COMPLETION,2025-07-16
W00117,7,EVIDENCE_UPLOAD,2025-07-17
W00118,1,RECOMMEND,2025-08-01
W00118,2,SANCTION,2025-09-30
W00118,3,EXECUTION_START,2025-11-06
W00118,4,PROGRESS_UPDATE,2026-01-05
W00118,5,PAYMENT,2026-05-17
W00118,6,COMPLETION,2026-05-15
W00118,7,EVIDENCE_UPLOAD,2026-05-17
W00119,1,RECOMMEND,2024-10-25
W00119,2,SANCTION,2024-11-27
W00119,3,EXECUTION_START,2024-12-26
W00119,4,PROGRESS_UPDATE,2025-02-18
W00119,5,PAYMENT,2025-05-08
W00120,1,RECOMMEND,2025-04-23
W00120,2,SANCTION,2025-06-17
W00120,3,EXECUTION_START,2025-07-24
W00120,4,PROGRESS_UPDATE,2025-09-15
W00120,5,PAYMENT,2025-12-09
W00120,6,COMPLETION,2026-05-04
W00120,7,EVIDENCE_UPLOAD,2026-05-09
W00121,1,RECOMMEND,2025-07-29
W00121,2,SANCTION,2025-10-14
W00121,3,EXECUTION_START,2025-11-28
W00121,4,PROGRESS_UPDATE,2026-01-07
W00121,5,PAYMENT,2026-04-05
W00122,1,RECOMMEND,2024-12-27
W00122,2,SANCTION,2025-03-04
W00122,3,EXECUTION_START,2025-04-14
W00122,4,PROGRESS_UPDATE,2025-06-23
W00122,5,PAYMENT,2025-09-04
W00122,6,COMPLETION,2026-01-22
W00122,7,EVIDENCE_UPLOAD,2026-01-23
W00123,1,RECOMMEND,2024-10-11
W00123,2,SANCTION,2024-12-21
W00123,3,EXECUTION_START,2025-01-22
W00123,4,PROGRESS_UPDATE,2025-03-19
W00123,5,PAYMENT,2025-06-12
W00124,1,RECOMMEND,2025-07-20
W00124,2,SANCTION,2025-09-21
W00124,3,EXECUTION_START,2025-10-13
W00124,4,PROGRESS_UPDATE,2025-11-16
W00124,5,PAYMENT,2026-04-11
W00125,1,RECOMMEND,2025-09-07
W00125,2,SANCTION,2025-10-26
W00125,3,EXECUTION_START,2025-11-29
W00125,4,PROGRESS_UPDATE,2026-01-10
W00125,5,PAYMENT,2026-01-30
W00125,6,COMPLETION,2026-04-29
W00125,7,EVIDENCE_UPLOAD,2026-05-06
W00126,1,RECOMMEND,2024-05-13
W00126,2,SANCTION,2024-06-24
W00126,3,EXECUTION_START,2024-08-04
W00126,4,PROGRESS_UPDATE,2024-10-16
W00126,5,PAYMENT,2024-09-06
W00126,6,COMPLETION,2025-01-01
W00126,7,EVIDENCE_UPLOAD,2025-01-07
W00127,1,RECOMMEND,2023-11-24
W00127,2,SANCTION,2024-01-05
W00127,3,EXECUTION_START,2024-01-22
W00127,4,PROGRESS_UPDATE,2024-02-19
W00127,5,PAYMENT,2024-04-25
W00128,1,RECOMMEND,2024-10-26
W00128,2,SANCTION,2024-11-28
W00128,3,EXECUTION_START,2024-12-15
W00128,4,PROGRESS_UPDATE,2025-01-17
W00128,5,PAYMENT,2025-01-14
W00129,1,RECOMMEND,2023-05-24
W00129,2,SANCTION,2023-08-14
W00129,3,EXECUTION_START,2023-09-08
W00129,4,PROGRESS_UPDATE,2023-10-06
W00129,5,PAYMENT,2024-01-13
W00129,6,COMPLETION,2023-12-30
W00129,7,EVIDENCE_UPLOAD,2024-01-03
W00130,1,RECOMMEND,2025-06-18
W00130,2,SANCTION,2025-07-27
W00130,3,EXECUTION_START,2025-08-18
W00130,4,PROGRESS_UPDATE,2025-10-06
W00130,5,PAYMENT,2026-02-28
W00130,6,COMPLETION,2025-12-13
W00130,7,EVIDENCE_UPLOAD,2025-12-17
W00131,1,RECOMMEND,2023-05-26
W00131,2,SANCTION,2023-08-18
W00131,3,EXECUTION_START,2023-09-07
W00131,4,PROGRESS_UPDATE,2023-11-20
W00131,5,PAYMENT,2023-11-10
W00131,6,COMPLETION,2024-06-07
W00131,7,EVIDENCE_UPLOAD,2024-06-07
W00132,1,RECOMMEND,2025-06-22
W00132,2,SANCTION,2025-08-05
W00132,3,EXECUTION_START,2025-09-10
W00132,4,PROGRESS_UPDATE,2025-11-21
W00132,5,PAYMENT,2026-02-22
W00132,6,COMPLETION,2026-06-23
W00132,7,EVIDENCE_UPLOAD,2026-06-23
W00133,1,RECOMMEND,2023-11-29
W00133,2,SANCTION,2023-12-30
W00133,3,EXECUTION_START,2024-02-08
W00133,4,PROGRESS_UPDATE,2024-04-26
W00133,5,PAYMENT,2024-05-08
W00133,6,COMPLETION,2024-05-22
W00133,7,EVIDENCE_UPLOAD,2024-05-26
W00134,1,RECOMMEND,2023-07-01
W00134,2,SANCTION,2023-08-16
W00134,3,EXECUTION_START,2023-09-03
W00134,4,PROGRESS_UPDATE,2023-09-23
W00134,5,PAYMENT,2023-12-14
W00134,6,COMPLETION,2023-11-08
W00134,7,EVIDENCE_UPLOAD,2023-11-14
W00135,1,RECOMMEND,2025-05-05
W00135,2,SANCTION,2025-06-24
W00135,3,EXECUTION_START,2025-08-03
W00135,4,PROGRESS_UPDATE,2025-09-24
W00135,5,PAYMENT,2025-11-17
W00135,6,COMPLETION,2026-02-27
W00135,7,EVIDENCE_UPLOAD,2026-02-28
W00136,1,RECOMMEND,2024-09-04
W00136,2,SANCTION,2024-10-08
W00137,1,RECOMMEND,2024-06-13
W00137,2,SANCTION,2024-07-22
W00137,3,EXECUTION_START,2024-08-28
W00137,4,PROGRESS_UPDATE,2024-11-20
W00137,5,PAYMENT,2025-03-06
W00137,6,COMPLETION,2025-04-20
W00137,7,EVIDENCE_UPLOAD,2025-04-27
W00138,1,RECOMMEND,2024-09-03
W00138,2,SANCTION,2024-10-08
W00138,3,EXECUTION_START,2024-11-14
W00138,4,PROGRESS_UPDATE,2025-01-22
W00138,5,PAYMENT,2025-05-17
W00138,6,COMPLETION,2025-08-11
W00138,7,EVIDENCE_UPLOAD,2025-08-17
W00139,1,RECOMMEND,2024-06-23
W00139,2,SANCTION,2024-09-16
W00139,3,EXECUTION_START,2024-10-04
W00139,4,PROGRESS_UPDATE,2024-10-26
W00139,5,PAYMENT,2025-02-08
W00139,6,COMPLETION,2025-05-01
W00139,7,EVIDENCE_UPLOAD,2025-05-05
W00140,1,RECOMMEND,2024-10-10
W00140,2,SANCTION,2025-01-03
W00140,3,EXECUTION_START,2025-02-16
W00140,4,PROGRESS_UPDATE,2025-03-21
W00140,5,PAYMENT,2025-03-21
W00141,1,RECOMMEND,2025-09-25
W00141,2,SANCTION,2025-12-04
W00141,3,EXECUTION_START,2025-12-19
W00141,4,PROGRESS_UPDATE,2026-02-19
W00141,5,PAYMENT,2026-04-20
W00141,6,COMPLETION,2026-05-07
W00141,7,EVIDENCE_UPLOAD,2026-05-07
W00142,1,RECOMMEND,2023-05-13
W00142,2,SANCTION,2023-06-27
W00143,1,RECOMMEND,2023-10-24
W00143,2,SANCTION,2023-12-08
W00143,3,EXECUTION_START,2023-12-27
W00143,4,PROGRESS_UPDATE,2024-01-18
W00143,5,PAYMENT,2024-06-02
W00143,6,COMPLETION,2024-06-15
W00143,7,EVIDENCE_UPLOAD,2024-06-18
W00144,1,RECOMMEND,2024-05-28
W00144,2,SANCTION,2024-07-27
W00144,3,EXECUTION_START,2024-08-31
W00144,4,PROGRESS_UPDATE,2024-11-04
W00144,5,PAYMENT,2024-12-01
W00144,6,COMPLETION,2025-06-07
W00144,7,EVIDENCE_UPLOAD,2025-06-12
W00145,1,RECOMMEND,2024-07-25
W00145,2,SANCTION,2024-08-29
W00145,3,EXECUTION_START,2024-10-10
W00145,4,PROGRESS_UPDATE,2024-12-06
W00145,5,PAYMENT,2025-03-09
W00145,6,COMPLETION,2025-01-11
W00145,7,EVIDENCE_UPLOAD,2025-01-12
W00146,1,RECOMMEND,2024-07-13
W00146,2,SANCTION,2024-08-23
W00146,3,EXECUTION_START,2024-09-12
W00146,4,PROGRESS_UPDATE,2024-11-12
W00146,5,PAYMENT,2025-03-07
W00146,6,COMPLETION,2025-04-20
W00146,7,EVIDENCE_UPLOAD,2025-04-23
W00147,1,RECOMMEND,2024-11-19
W00147,2,SANCTION,2025-02-14
W00147,3,EXECUTION_START,2025-03-12
W00147,4,PROGRESS_UPDATE,2025-04-13
W00147,5,PAYMENT,2025-08-26
W00147,6,COMPLETION,2025-08-04
W00147,7,EVIDENCE_UPLOAD,2025-08-09
W00148,1,RECOMMEND,2023-10-05
W00148,2,SANCTION,2023-12-25
W00148,3,EXECUTION_START,2024-01-12
W00148,4,PROGRESS_UPDATE,2024-03-11
W00148,5,PAYMENT,2023-12-30
W00148,6,COMPLETION,2024-07-11
W00148,7,EVIDENCE_UPLOAD,2024-07-18
W00149,1,RECOMMEND,2025-11-14
W00149,2,SANCTION,2026-01-26
W00149,3,EXECUTION_START,2026-02-14
W00149,4,PROGRESS_UPDATE,2026-04-02
W00149,5,PAYMENT,2026-06-04
W00149,6,COMPLETION,2026-05-23
W00149,7,EVIDENCE_UPLOAD,2026-05-27
W00150,1,RECOMMEND,2025-05-26
W00150,2,SANCTION,2025-08-18
W00150,3,EXECUTION_START,2025-09-06
W00150,4,PROGRESS_UPDATE,2025-10-22
W00150,5,PAYMENT,2025-10-10
W00150,6,COMPLETION,2026-03-16
W00150,7,EVIDENCE_UPLOAD,2026-03-20
W00151,1,RECOMMEND,2025-06-22
W00151,2,SANCTION,2025-09-14
W00151,3,EXECUTION_START,2025-10-15
W00151,4,PROGRESS_UPDATE,2025-11-11
W00151,5,PAYMENT,2026-01-14
W00151,6,COMPLETION,2026-04-08
W00151,7,EVIDENCE_UPLOAD,2026-04-14
W00152,1,RECOMMEND,2023-09-28
W00152,2,SANCTION,2023-10-29
W00152,3,EXECUTION_START,2023-11-20
W00152,4,PROGRESS_UPDATE,2023-12-19
W00152,5,PAYMENT,2024-01-09
W00152,6,COMPLETION,2024-07-26
W00152,7,EVIDENCE_UPLOAD,2024-08-01
W00153,1,RECOMMEND,2024-08-01
W00153,2,SANCTION,2024-09-05
W00154,1,RECOMMEND,2025-04-12
W00154,2,SANCTION,2025-06-28
W00154,3,EXECUTION_START,2025-08-08
W00154,4,PROGRESS_UPDATE,2025-09-08
W00154,5,PAYMENT,2026-01-03
W00155,1,RECOMMEND,2026-01-07
W00155,2,SANCTION,2026-02-22
W00155,3,EXECUTION_START,2026-03-13
W00155,4,PROGRESS_UPDATE,2026-06-03
W00155,5,PAYMENT,2026-08-25
W00155,6,COMPLETION,2026-11-23
W00155,7,EVIDENCE_UPLOAD,2026-11-24
W00156,1,RECOMMEND,2025-09-23
W00156,2,SANCTION,2025-11-01
W00156,3,EXECUTION_START,2025-12-14
W00156,4,PROGRESS_UPDATE,2026-01-04
W00156,5,PAYMENT,2026-05-14
W00156,6,COMPLETION,2026-04-14
W00156,7,EVIDENCE_UPLOAD,2026-04-14
W00157,1,RECOMMEND,2024-08-18
W00157,2,SANCTION,2024-10-10
W00157,3,EXECUTION_START,2024-11-08
W00157,4,PROGRESS_UPDATE,2024-12-10
W00157,5,PAYMENT,2025-05-19
W00157,6,COMPLETION,2025-07-07
W00157,7,EVIDENCE_UPLOAD,2025-07-09
W00158,1,RECOMMEND,2025-10-22
W00158,2,SANCTION,2025-12-07
W00158,3,EXECUTION_START,2026-01-02
W00158,4,PROGRESS_UPDATE,2026-02-02
W00158,5,PAYMENT,2026-03-28
W00158,6,COMPLETION,2026-05-24
W00158,7,EVIDENCE_UPLOAD,2026-05-29
W00159,1,RECOMMEND,2023-06-29
W00159,2,SANCTION,2023-09-23
W00159,3,EXECUTION_START,2023-10-12
W00159,4,PROGRESS_UPDATE,2023-11-25
W00159,5,PAYMENT,2024-04-16
W00159,6,COMPLETION,2024-07-30
W00159,7,EVIDENCE_UPLOAD,2024-08-06
W00160,1,RECOMMEND,2025-01-20
W00160,2,SANCTION,2025-03-25
W00160,3,EXECUTION_START,2025-04-29
W00160,4,PROGRESS_UPDATE,2025-06-23
W00160,5,PAYMENT,2025-07-17
W00161,1,RECOMMEND,2023-11-06
W00161,2,SANCTION,2024-01-17
W00161,3,EXECUTION_START,2024-02-15
W00161,4,PROGRESS_UPDATE,2024-05-04
W00161,5,PAYMENT,2024-08-18
W00161,6,COMPLETION,2024-08-08
W00161,7,EVIDENCE_UPLOAD,2024-08-13
W00162,1,RECOMMEND,2024-11-17
W00162,2,SANCTION,2025-01-19
W00162,3,EXECUTION_START,2025-02-17
W00162,4,PROGRESS_UPDATE,2025-05-06
W00162,5,PAYMENT,2025-06-08
W00162,6,COMPLETION,2025-09-15
W00162,7,EVIDENCE_UPLOAD,2025-09-19
W00163,1,RECOMMEND,2023-12-10
W00163,2,SANCTION,2024-03-09
W00163,3,EXECUTION_START,2024-04-14
W00163,4,PROGRESS_UPDATE,2024-06-06
W00163,5,PAYMENT,2024-07-01
W00163,6,COMPLETION,2024-08-12
W00163,7,EVIDENCE_UPLOAD,2024-08-19
W00164,1,RECOMMEND,2023-04-24
W00164,2,SANCTION,2023-06-24
W00164,3,EXECUTION_START,2023-07-11
W00164,4,PROGRESS_UPDATE,2023-09-25
W00164,5,PAYMENT,2023-10-15
W00164,6,COMPLETION,2024-04-24
W00164,7,EVIDENCE_UPLOAD,2024-04-26
W00165,1,RECOMMEND,2023-04-07
W00165,2,SANCTION,2023-06-14
W00165,3,EXECUTION_START,2023-07-07
W00165,4,PROGRESS_UPDATE,2023-09-10
W00165,5,PAYMENT,2024-01-04
W00166,1,RECOMMEND,2025-05-16
W00166,2,SANCTION,2025-08-06
W00166,3,EXECUTION_START,2025-09-20
W00166,4,PROGRESS_UPDATE,2025-10-27
W00166,5,PAYMENT,2026-01-07
W00166,6,COMPLETION,2025-11-19
W00166,7,EVIDENCE_UPLOAD,2025-11-23
W00167,1,RECOMMEND,2025-08-05
W00167,2,SANCTION,2025-09-27
W00167,3,EXECUTION_START,2025-11-07
W00167,4,PROGRESS_UPDATE,2025-12-21
W00167,5,PAYMENT,2025-12-28
W00167,6,COMPLETION,2026-06-06
W00167,7,EVIDENCE_UPLOAD,2026-06-08
W00168,1,RECOMMEND,2024-01-10
W00168,2,SANCTION,2024-03-19
W00168,3,EXECUTION_START,2024-04-18
W00168,4,PROGRESS_UPDATE,2024-06-28
W00168,5,PAYMENT,2024-09-01
W00168,6,COMPLETION,2025-01-20
W00168,7,EVIDENCE_UPLOAD,2025-01-21
W00169,1,RECOMMEND,2024-10-07
W00169,2,SANCTION,2024-12-24
W00169,3,EXECUTION_START,2025-02-03
W00169,4,PROGRESS_UPDATE,2025-04-23
W00169,5,PAYMENT,2025-03-20
W00169,6,COMPLETION,2025-04-14
W00169,7,EVIDENCE_UPLOAD,2025-04-17
W00170,1,RECOMMEND,2025-10-25
W00170,2,SANCTION,2025-12-05
W00170,3,EXECUTION_START,2026-01-01
W00170,4,PROGRESS_UPDATE,2026-01-30
W00170,5,PAYMENT,2026-06-19
W00171,1,RECOMMEND,2024-07-19
W00171,2,SANCTION,2024-09-23
W00171,3,EXECUTION_START,2024-11-05
W00171,4,PROGRESS_UPDATE,2024-12-31
W00171,5,PAYMENT,2025-04-06
W00172,1,RECOMMEND,2025-11-15
W00172,2,SANCTION,2026-01-28
W00172,3,EXECUTION_START,2026-03-02
W00172,4,PROGRESS_UPDATE,2026-04-12
W00172,5,PAYMENT,2026-06-20
W00172,6,COMPLETION,2026-06-08
W00172,7,EVIDENCE_UPLOAD,2026-06-12
W00173,1,RECOMMEND,2025-09-14
W00173,2,SANCTION,2025-10-28
W00173,3,EXECUTION_START,2025-12-04
W00173,4,PROGRESS_UPDATE,2025-12-29
W00173,5,PAYMENT,2026-04-14
W00173,6,COMPLETION,2026-08-25
W00173,7,EVIDENCE_UPLOAD,2026-08-30
W00174,1,RECOMMEND,2024-07-18
W00174,2,SANCTION,2024-09-16
W00175,1,RECOMMEND,2025-05-23
W00175,2,SANCTION,2025-06-23
W00175,3,EXECUTION_START,2025-07-20
W00175,4,PROGRESS_UPDATE,2025-09-24
W00175,5,PAYMENT,2025-08-25
W00175,6,COMPLETION,2026-01-08
W00175,7,EVIDENCE_UPLOAD,2026-01-15
W00176,1,RECOMMEND,2024-10-18
W00176,2,SANCTION,2024-11-20
W00176,3,EXECUTION_START,2024-12-17
W00176,4,PROGRESS_UPDATE,2025-02-09
W00176,5,PAYMENT,2025-06-10
W00176,6,COMPLETION,2025-06-11
W00176,7,EVIDENCE_UPLOAD,2025-06-14
W00177,1,RECOMMEND,2025-08-16
W00177,2,SANCTION,2025-09-22
W00177,3,EXECUTION_START,2025-10-24
W00177,4,PROGRESS_UPDATE,2026-01-16
W00177,5,PAYMENT,2026-05-02
W00177,6,COMPLETION,2026-06-07
W00177,7,EVIDENCE_UPLOAD,2026-06-07
W00178,1,RECOMMEND,2025-07-11
W00178,2,SANCTION,2025-08-26
W00178,3,EXECUTION_START,2025-09-24
W00178,4,PROGRESS_UPDATE,2025-11-10
W00178,5,PAYMENT,2026-02-16
W00178,6,COMPLETION,2025-12-12
W00178,7,EVIDENCE_UPLOAD,2025-12-17
W00179,1,RECOMMEND,2025-11-08
W00179,2,SANCTION,2026-02-05
W00179,3,EXECUTION_START,2026-02-23
W00179,4,PROGRESS_UPDATE,2026-04-23
W00179,5,PAYMENT,2026-05-25
W00179,6,COMPLETION,2026-06-18
W00179,7,EVIDENCE_UPLOAD,2026-06-19
W00180,1,RECOMMEND,2023-09-28
W00180,2,SANCTION,2023-12-03
W00180,3,EXECUTION_START,2024-01-01
W00180,4,PROGRESS_UPDATE,2024-03-31
W00180,5,PAYMENT,2024-06-17
W00180,6,COMPLETION,2024-05-26
W00180,7,EVIDENCE_UPLOAD,2024-05-26
W00181,1,RECOMMEND,2024-08-17
W00181,2,SANCTION,2024-09-21
W00181,3,EXECUTION_START,2024-10-25
W00181,4,PROGRESS_UPDATE,2024-11-27
W00181,5,PAYMENT,2024-12-20
W00182,1,RECOMMEND,2025-08-04
W00182,2,SANCTION,2025-09-20
W00182,3,EXECUTION_START,2025-10-26
W00182,4,PROGRESS_UPDATE,2025-12-09
W00182,5,PAYMENT,2026-03-22
W00183,1,RECOMMEND,2025-06-21
W00183,2,SANCTION,2025-09-13
W00183,3,EXECUTION_START,2025-10-22
W00183,4,PROGRESS_UPDATE,2025-12-04
W00183,5,PAYMENT,2026-01-18
W00184,1,RECOMMEND,2025-12-29
W00184,2,SANCTION,2026-03-21
W00184,3,EXECUTION_START,2026-04-16
W00184,4,PROGRESS_UPDATE,2026-06-20
W00184,5,PAYMENT,2026-03-16
W00184,6,COMPLETION,2026-10-24
W00184,7,EVIDENCE_UPLOAD,2026-10-31
W00185,1,RECOMMEND,2024-11-24
W00185,2,SANCTION,2025-02-19
W00185,3,EXECUTION_START,2025-03-09
W00185,4,PROGRESS_UPDATE,2025-04-25
W00185,5,PAYMENT,2025-06-02
W00186,1,RECOMMEND,2023-04-24
W00186,2,SANCTION,2023-07-17
W00186,3,EXECUTION_START,2023-08-27
W00186,4,PROGRESS_UPDATE,2023-11-11
W00186,5,PAYMENT,2024-03-10
W00187,1,RECOMMEND,2026-01-15
W00187,2,SANCTION,2026-03-28
W00187,3,EXECUTION_START,2026-05-03
W00187,4,PROGRESS_UPDATE,2026-07-08
W00187,5,PAYMENT,2026-09-04
W00187,6,COMPLETION,2026-12-13
W00187,7,EVIDENCE_UPLOAD,2026-12-18
W00188,1,RECOMMEND,2023-11-16
W00188,2,SANCTION,2024-02-01
W00188,3,EXECUTION_START,2024-03-11
W00188,4,PROGRESS_UPDATE,2024-04-18
W00188,5,PAYMENT,2024-08-28
W00189,1,RECOMMEND,2024-05-04
W00189,2,SANCTION,2024-06-24
W00189,3,EXECUTION_START,2024-07-14
W00189,4,PROGRESS_UPDATE,2024-08-07
W00189,5,PAYMENT,2024-11-01
W00190,1,RECOMMEND,2023-12-06
W00190,2,SANCTION,2024-02-14
W00190,3,EXECUTION_START,2024-03-27
W00190,4,PROGRESS_UPDATE,2024-06-23
W00190,5,PAYMENT,2024-08-07
W00191,1,RECOMMEND,2023-12-27
W00191,2,SANCTION,2024-02-07
W00191,3,EXECUTION_START,2024-02-23
W00191,4,PROGRESS_UPDATE,2024-05-14
W00191,5,PAYMENT,2024-02-09
W00191,6,COMPLETION,2024-12-09
W00191,7,EVIDENCE_UPLOAD,2024-12-13
W00192,1,RECOMMEND,2024-12-31
W00192,2,SANCTION,2025-02-01
W00193,1,RECOMMEND,2024-01-05
W00193,2,SANCTION,2024-03-26
W00193,3,EXECUTION_START,2024-05-08
W00193,4,PROGRESS_UPDATE,2024-07-22
W00193,5,PAYMENT,2024-07-15
W00193,6,COMPLETION,2024-12-22
W00193,7,EVIDENCE_UPLOAD,2024-12-23
W00194,1,RECOMMEND,2024-05-07
W00194,2,SANCTION,2024-06-06
W00194,3,EXECUTION_START,2024-07-01
W00194,4,PROGRESS_UPDATE,2024-08-08
W00194,5,PAYMENT,2024-08-24
W00195,1,RECOMMEND,2023-10-29
W00195,2,SANCTION,2024-01-09
W00195,3,EXECUTION_START,2024-02-15
W00195,4,PROGRESS_UPDATE,2024-05-02
W00195,5,PAYMENT,2024-08-02
W00195,6,COMPLETION,2024-06-15
W00195,7,EVIDENCE_UPLOAD,2024-06-17
W00196,1,RECOMMEND,2025-08-03
W00196,2,SANCTION,2025-09-25
W00196,3,EXECUTION_START,2025-10-10
W00196,4,PROGRESS_UPDATE,2025-12-25
W00196,5,PAYMENT,2026-01-14
W00196,6,COMPLETION,2026-05-31
W00196,7,EVIDENCE_UPLOAD,2026-06-01
W00197,1,RECOMMEND,2023-08-08
W00197,2,SANCTION,2023-09-24
W00197,3,EXECUTION_START,2023-10-16
W00197,4,PROGRESS_UPDATE,2024-01-01
W00197,5,PAYMENT,2024-01-27
W00198,1,RECOMMEND,2025-12-09
W00198,2,SANCTION,2026-01-27
W00198,3,EXECUTION_START,2026-02-13
W00198,4,PROGRESS_UPDATE,2026-05-04
W00198,5,PAYMENT,2026-06-17
W00198,6,COMPLETION,2026-10-03
W00198,7,EVIDENCE_UPLOAD,2026-10-07
W00199,1,RECOMMEND,2025-01-09
W00199,2,SANCTION,2025-03-25
W00199,3,EXECUTION_START,2025-04-28
W00199,4,PROGRESS_UPDATE,2025-06-02
W00199,5,PAYMENT,2025-07-05
W00199,6,COMPLETION,2025-10-02
W00199,7,EVIDENCE_UPLOAD,2025-10-05
W00200,1,RECOMMEND,2023-12-15
W00200,2,SANCTION,2024-01-29
W00200,3,EXECUTION_START,2024-03-03
W00200,4,PROGRESS_UPDATE,2024-04-24
W00200,5,PAYMENT,2024-05-13
W00201,1,RECOMMEND,2023-08-11
W00201,2,SANCTION,2023-10-12
W00201,3,EXECUTION_START,2023-11-18
W00201,4,PROGRESS_UPDATE,2024-01-05
W00201,5,PAYMENT,2024-03-09
W00201,6,COMPLETION,2024-05-15
W00201,7,EVIDENCE_UPLOAD,2024-05-21
W00202,1,RECOMMEND,2025-11-13
W00202,2,SANCTION,2026-01-12
W00202,3,EXECUTION_START,2026-01-29
W00202,4,PROGRESS_UPDATE,2026-02-22
W00202,5,PAYMENT,2026-07-05
W00202,6,COMPLETION,2026-07-02
W00202,7,EVIDENCE_UPLOAD,2026-07-04
W00203,1,RECOMMEND,2024-07-18
W00203,2,SANCTION,2024-09-20
W00203,3,EXECUTION_START,2024-10-31
W00203,4,PROGRESS_UPDATE,2024-11-20
W00203,5,PAYMENT,2025-02-23
W00203,6,COMPLETION,2025-03-24
W00203,7,EVIDENCE_UPLOAD,2025-03-26
W00204,1,RECOMMEND,2023-11-22
W00204,2,SANCTION,2024-01-14
W00204,3,EXECUTION_START,2024-02-27
W00204,4,PROGRESS_UPDATE,2024-04-23
W00204,5,PAYMENT,2024-06-12
W00205,1,RECOMMEND,2024-04-06
W00205,2,SANCTION,2024-05-12
W00206,1,RECOMMEND,2026-01-16
W00206,2,SANCTION,2026-04-13
W00206,3,EXECUTION_START,2026-05-05
W00206,4,PROGRESS_UPDATE,2026-06-13
W00206,5,PAYMENT,2026-10-21
W00206,6,COMPLETION,2026-09-07
W00206,7,EVIDENCE_UPLOAD,2026-09-12
W00207,1,RECOMMEND,2025-04-22
W00207,2,SANCTION,2025-06-25
W00207,3,EXECUTION_START,2025-07-31
W00207,4,PROGRESS_UPDATE,2025-08-24
W00207,5,PAYMENT,2025-11-22
W00208,1,RECOMMEND,2024-12-04
W00208,2,SANCTION,2025-02-15
W00208,3,EXECUTION_START,2025-03-18
W00208,4,PROGRESS_UPDATE,2025-05-11
W00208,5,PAYMENT,2025-06-08
W00209,1,RECOMMEND,2025-10-07
W00209,2,SANCTION,2025-11-29
W00209,3,EXECUTION_START,2025-12-22
W00209,4,PROGRESS_UPDATE,2026-03-12
W00209,5,PAYMENT,2026-03-21
W00210,1,RECOMMEND,2024-09-27
W00210,2,SANCTION,2024-11-28
W00210,3,EXECUTION_START,2025-01-07
W00210,4,PROGRESS_UPDATE,2025-03-16
W00210,5,PAYMENT,2025-05-08
W00210,6,COMPLETION,2025-09-03
W00210,7,EVIDENCE_UPLOAD,2025-09-05
W00211,1,RECOMMEND,2025-08-24
W00211,2,SANCTION,2025-09-24
W00211,3,EXECUTION_START,2025-10-31
W00211,4,PROGRESS_UPDATE,2026-01-14
W00211,5,PAYMENT,2026-03-30
W00211,6,COMPLETION,2026-06-20
W00211,7,EVIDENCE_UPLOAD,2026-06-22
W00212,1,RECOMMEND,2025-09-14
W00212,2,SANCTION,2025-10-21
W00212,3,EXECUTION_START,2025-12-03
W00212,4,PROGRESS_UPDATE,2025-12-25
W00212,5,PAYMENT,2026-04-05
W00212,6,COMPLETION,2026-08-17
W00212,7,EVIDENCE_UPLOAD,2026-08-21
W00213,1,RECOMMEND,2024-08-03
W00213,2,SANCTION,2024-09-12
W00213,3,EXECUTION_START,2024-10-16
W00213,4,PROGRESS_UPDATE,2024-12-05
W00213,5,PAYMENT,2024-11-25
W00213,6,COMPLETION,2025-06-26
W00213,7,EVIDENCE_UPLOAD,2025-07-02
W00214,1,RECOMMEND,2025-12-13
W00214,2,SANCTION,2026-01-20
W00214,3,EXECUTION_START,2026-02-05
W00214,4,PROGRESS_UPDATE,2026-04-11
W00214,5,PAYMENT,2026-01-19
W00214,6,COMPLETION,2026-07-24
W00214,7,EVIDENCE_UPLOAD,2026-07-25
W00215,1,RECOMMEND,2024-06-02
W00215,2,SANCTION,2024-07-28
W00215,3,EXECUTION_START,2024-08-27
W00215,4,PROGRESS_UPDATE,2024-11-21
W00215,5,PAYMENT,2024-12-26
W00215,6,COMPLETION,2024-11-02
W00215,7,EVIDENCE_UPLOAD,2024-11-03
W00216,1,RECOMMEND,2024-09-02
W00216,2,SANCTION,2024-10-15
W00216,3,EXECUTION_START,2024-11-21
W00216,4,PROGRESS_UPDATE,2025-01-11
W00216,5,PAYMENT,2025-03-15
W00217,1,RECOMMEND,2025-04-17
W00217,2,SANCTION,2025-07-01
W00217,3,EXECUTION_START,2025-08-09
W00217,4,PROGRESS_UPDATE,2025-09-14
W00217,5,PAYMENT,2025-10-31
W00217,6,COMPLETION,2025-11-23
W00217,7,EVIDENCE_UPLOAD,2025-11-25
W00218,1,RECOMMEND,2024-05-09
W00218,2,SANCTION,2024-07-07
W00218,3,EXECUTION_START,2024-07-30
W00218,4,PROGRESS_UPDATE,2024-08-27
W00218,5,PAYMENT,2025-02-13
W00218,6,COMPLETION,2025-05-22
W00218,7,EVIDENCE_UPLOAD,2025-05-23
W00219,1,RECOMMEND,2025-05-08
W00219,2,SANCTION,2025-06-10
W00219,3,EXECUTION_START,2025-07-22
W00219,4,PROGRESS_UPDATE,2025-08-21
W00219,5,PAYMENT,2025-10-05
W00220,1,RECOMMEND,2023-11-16
W00220,2,SANCTION,2024-01-22
W00220,3,EXECUTION_START,2024-02-15
W00220,4,PROGRESS_UPDATE,2024-04-28
W00220,5,PAYMENT,2024-03-22
W00221,1,RECOMMEND,2025-01-06
W00221,2,SANCTION,2025-03-04
W00221,3,EXECUTION_START,2025-03-30
W00221,4,PROGRESS_UPDATE,2025-04-19
W00221,5,PAYMENT,2025-05-30
W00222,1,RECOMMEND,2024-12-14
W00222,2,SANCTION,2025-02-11
W00222,3,EXECUTION_START,2025-03-02
W00222,4,PROGRESS_UPDATE,2025-04-06
W00222,5,PAYMENT,2025-09-17
W00222,6,COMPLETION,2025-10-29
W00222,7,EVIDENCE_UPLOAD,2025-11-05
W00223,1,RECOMMEND,2025-01-02
W00223,2,SANCTION,2025-02-07
W00223,3,EXECUTION_START,2025-03-22
W00223,4,PROGRESS_UPDATE,2025-06-05
W00223,5,PAYMENT,2025-05-01
W00223,6,COMPLETION,2025-06-18
W00223,7,EVIDENCE_UPLOAD,2025-06-22
W00224,1,RECOMMEND,2023-08-10
W00224,2,SANCTION,2023-10-18
W00224,3,EXECUTION_START,2023-11-14
W00224,4,PROGRESS_UPDATE,2024-01-08
W00224,5,PAYMENT,2024-03-06
W00224,6,COMPLETION,2024-03-11
W00224,7,EVIDENCE_UPLOAD,2024-03-13
W00225,1,RECOMMEND,2024-09-13
W00225,2,SANCTION,2024-11-17
W00225,3,EXECUTION_START,2024-12-04
W00225,4,PROGRESS_UPDATE,2025-02-13
W00225,5,PAYMENT,2025-02-05
W00226,1,RECOMMEND,2024-08-06
W00226,2,SANCTION,2024-10-28
W00226,3,EXECUTION_START,2024-12-07
W00226,4,PROGRESS_UPDATE,2025-03-06
W00226,5,PAYMENT,2025-01-07
W00226,6,COMPLETION,2025-08-23
W00226,7,EVIDENCE_UPLOAD,2025-08-25
W00227,1,RECOMMEND,2024-04-05
W00227,2,SANCTION,2024-06-30
W00227,3,EXECUTION_START,2024-08-06
W00227,4,PROGRESS_UPDATE,2024-10-12
W00227,5,PAYMENT,2025-01-02
W00227,6,COMPLETION,2025-04-09
W00227,7,EVIDENCE_UPLOAD,2025-04-15
W00228,1,RECOMMEND,2023-12-28
W00228,2,SANCTION,2024-03-16
W00228,3,EXECUTION_START,2024-04-14
W00228,4,PROGRESS_UPDATE,2024-07-06
W00228,5,PAYMENT,2024-09-23
W00228,6,COMPLETION,2024-11-25
W00228,7,EVIDENCE_UPLOAD,2024-11-26
W00229,1,RECOMMEND,2025-06-15
W00229,2,SANCTION,2025-09-07
W00229,3,EXECUTION_START,2025-10-22
W00229,4,PROGRESS_UPDATE,2025-11-13
W00229,5,PAYMENT,2026-03-10
W00229,6,COMPLETION,2026-06-17
W00229,7,EVIDENCE_UPLOAD,2026-06-21
W00230,1,RECOMMEND,2023-07-06
W00230,2,SANCTION,2023-08-29
W00230,3,EXECUTION_START,2023-09-21
W00230,4,PROGRESS_UPDATE,2023-10-20
W00230,5,PAYMENT,2023-11-18
W00230,6,COMPLETION,2024-02-08
W00230,7,EVIDENCE_UPLOAD,2024-02-14
W00231,1,RECOMMEND,2024-09-16
W00231,2,SANCTION,2024-12-10
W00231,3,EXECUTION_START,2024-12-29
W00231,4,PROGRESS_UPDATE,2025-01-24
W00231,5,PAYMENT,2025-02-08
W00231,6,COMPLETION,2025-08-16
W00231,7,EVIDENCE_UPLOAD,2025-08-16
W00232,1,RECOMMEND,2025-09-10
W00232,2,SANCTION,2025-10-30
W00232,3,EXECUTION_START,2025-11-26
W00232,4,PROGRESS_UPDATE,2025-12-18
W00232,5,PAYMENT,2026-03-10
W00232,6,COMPLETION,2026-05-14
W00232,7,EVIDENCE_UPLOAD,2026-05-18
W00233,1,RECOMMEND,2024-08-01
W00233,2,SANCTION,2024-10-08
W00233,3,EXECUTION_START,2024-11-16
W00233,4,PROGRESS_UPDATE,2025-02-10
W00233,5,PAYMENT,2025-02-13
W00234,1,RECOMMEND,2024-09-26
W00234,2,SANCTION,2024-12-04
W00234,3,EXECUTION_START,2025-01-05
W00234,4,PROGRESS_UPDATE,2025-02-02
W00234,5,PAYMENT,2025-04-08
W00234,6,COMPLETION,2025-06-02
W00234,7,EVIDENCE_UPLOAD,2025-06-09
W00235,1,RECOMMEND,2023-10-15
W00235,2,SANCTION,2023-12-07
W00235,3,EXECUTION_START,2024-01-21
W00235,4,PROGRESS_UPDATE,2024-03-17
W00235,5,PAYMENT,2024-06-15
W00235,6,COMPLETION,2024-07-17
W00235,7,EVIDENCE_UPLOAD,2024-07-19
W00236,1,RECOMMEND,2023-12-28
W00236,2,SANCTION,2024-03-15
W00236,3,EXECUTION_START,2024-04-02
W00236,4,PROGRESS_UPDATE,2024-04-25
W00236,5,PAYMENT,2024-05-06
W00236,6,COMPLETION,2024-12-24
W00237,1,RECOMMEND,2024-05-15
W00237,2,SANCTION,2024-07-04
W00237,3,EXECUTION_START,2024-08-09
W00237,4,PROGRESS_UPDATE,2024-11-03
W00237,5,PAYMENT,2024-07-28
W00237,6,COMPLETION,2025-04-13
W00237,7,EVIDENCE_UPLOAD,2025-04-15
W00238,1,RECOMMEND,2023-10-19
W00238,2,SANCTION,2023-11-27
W00238,3,EXECUTION_START,2023-12-27
W00238,4,PROGRESS_UPDATE,2024-02-09
W00238,5,PAYMENT,2024-02-29
W00238,6,COMPLETION,2024-05-25
W00238,7,EVIDENCE_UPLOAD,2024-05-30
W00239,1,RECOMMEND,2025-12-06
W00239,2,SANCTION,2026-02-26
W00239,3,EXECUTION_START,2026-04-08
W00239,4,PROGRESS_UPDATE,2026-06-28
W00239,5,PAYMENT,2026-08-14
W00239,6,COMPLETION,2026-08-28
W00239,7,EVIDENCE_UPLOAD,2026-09-01
W00240,1,RECOMMEND,2025-01-16
W00240,2,SANCTION,2025-02-23
W00241,1,RECOMMEND,2023-12-03
W00241,2,SANCTION,2024-01-23
W00242,1,RECOMMEND,2025-12-15
W00242,2,SANCTION,2026-03-14
W00242,3,EXECUTION_START,2026-03-30
W00242,4,PROGRESS_UPDATE,2026-06-10
W00242,5,PAYMENT,2026-07-16
W00242,6,COMPLETION,2027-01-05
W00242,7,EVIDENCE_UPLOAD,2027-01-05
W00243,1,RECOMMEND,2023-09-18
W00243,2,SANCTION,2023-11-26
W00243,3,EXECUTION_START,2024-01-08
W00243,4,PROGRESS_UPDATE,2024-02-07
W00243,5,PAYMENT,2024-05-03
W00243,6,COMPLETION,2024-10-24
W00243,7,EVIDENCE_UPLOAD,2024-10-31
W00244,1,RECOMMEND,2023-05-30
W00244,2,SANCTION,2023-07-19
W00244,3,EXECUTION_START,2023-08-13
W00244,4,PROGRESS_UPDATE,2023-09-09
W00244,5,PAYMENT,2023-10-29
W00244,6,COMPLETION,2024-05-20
W00244,7,EVIDENCE_UPLOAD,2024-05-25
W00245,1,RECOMMEND,2024-10-25
W00245,2,SANCTION,2024-12-27
W00245,3,EXECUTION_START,2025-02-05
W00245,4,PROGRESS_UPDATE,2025-03-28
W00245,5,PAYMENT,2025-07-27
W00246,1,RECOMMEND,2025-10-05
W00246,2,SANCTION,2025-12-31
W00246,3,EXECUTION_START,2026-02-14
W00246,4,PROGRESS_UPDATE,2026-04-03
W00246,5,PAYMENT,2026-06-19
W00246,6,COMPLETION,2026-09-20
W00246,7,EVIDENCE_UPLOAD,2026-09-20
W00247,1,RECOMMEND,2023-10-01
W00247,2,SANCTION,2023-11-05
W00247,3,EXECUTION_START,2023-12-05
W00247,4,PROGRESS_UPDATE,2024-01-13
W00247,5,PAYMENT,2024-01-18
W00247,6,COMPLETION,2024-02-07
W00247,7,EVIDENCE_UPLOAD,2024-02-10
W00248,1,RECOMMEND,2025-04-06
W00248,2,SANCTION,2025-05-18
W00248,3,EXECUTION_START,2025-06-10
W00248,4,PROGRESS_UPDATE,2025-08-23
W00248,5,PAYMENT,2025-10-02
W00249,1,RECOMMEND,2023-09-02
W00249,2,SANCTION,2023-10-28
W00249,3,EXECUTION_START,2023-12-06
W00249,4,PROGRESS_UPDATE,2024-02-07
W00249,5,PAYMENT,2024-03-22
W00249,6,COMPLETION,2024-04-21
W00249,7,EVIDENCE_UPLOAD,2024-04-28
W00250,1,RECOMMEND,2023-10-02
W00250,2,SANCTION,2023-12-21
W00250,3,EXECUTION_START,2024-02-01
W00250,4,PROGRESS_UPDATE,2024-03-04
W00250,5,PAYMENT,2024-08-06
W00251,1,RECOMMEND,2025-04-06
W00251,2,SANCTION,2025-06-11
W00251,3,EXECUTION_START,2025-07-18
W00251,4,PROGRESS_UPDATE,2025-08-18
W00251,5,PAYMENT,2025-12-31
W00251,6,COMPLETION,2025-09-20
W00251,7,EVIDENCE_UPLOAD,2025-09-26
W00252,1,RECOMMEND,2023-12-11
W00252,2,SANCTION,2024-03-03
W00252,3,EXECUTION_START,2024-04-09
W00252,4,PROGRESS_UPDATE,2024-04-30
W00252,5,PAYMENT,2024-06-05
W00253,1,RECOMMEND,2023-12-01
W00253,2,SANCTION,2024-01-13
W00253,3,EXECUTION_START,2024-02-21
W00253,4,PROGRESS_UPDATE,2024-03-19
W00253,5,PAYMENT,2024-06-29
W00254,1,RECOMMEND,2024-10-15
W00254,2,SANCTION,2024-12-02
W00254,3,EXECUTION_START,2024-12-26
W00254,4,PROGRESS_UPDATE,2025-03-08
W00254,5,PAYMENT,2025-04-14
W00254,6,COMPLETION,2025-05-03
W00254,7,EVIDENCE_UPLOAD,2025-05-04
W00255,1,RECOMMEND,2024-07-17
W00255,2,SANCTION,2024-08-16
W00255,3,EXECUTION_START,2024-09-12
W00255,4,PROGRESS_UPDATE,2024-10-08
W00255,5,PAYMENT,2025-01-20
W00255,6,COMPLETION,2024-11-28
W00255,7,EVIDENCE_UPLOAD,2024-12-05
W00256,1,RECOMMEND,2024-07-11
W00256,2,SANCTION,2024-08-29
W00256,3,EXECUTION_START,2024-09-20
W00256,4,PROGRESS_UPDATE,2024-11-07
W00256,5,PAYMENT,2024-11-29
W00257,1,RECOMMEND,2024-06-23
W00257,2,SANCTION,2024-07-23
W00257,3,EXECUTION_START,2024-09-01
W00257,4,PROGRESS_UPDATE,2024-10-03
W00257,5,PAYMENT,2025-01-18
W00258,1,RECOMMEND,2023-09-09
W00258,2,SANCTION,2023-12-06
W00258,3,EXECUTION_START,2024-01-08
W00258,4,PROGRESS_UPDATE,2024-01-30
W00258,5,PAYMENT,2024-05-11
W00259,1,RECOMMEND,2023-12-28
W00259,2,SANCTION,2024-02-15
W00259,3,EXECUTION_START,2024-03-05
W00259,4,PROGRESS_UPDATE,2024-04-15
W00259,5,PAYMENT,2024-08-26
W00259,6,COMPLETION,2024-05-31
W00259,7,EVIDENCE_UPLOAD,2024-06-06
W00260,1,RECOMMEND,2026-01-15
W00260,2,SANCTION,2026-03-08
W00261,1,RECOMMEND,2026-01-05
W00261,2,SANCTION,2026-02-22
W00261,3,EXECUTION_START,2026-04-04
W00261,4,PROGRESS_UPDATE,2026-05-15
W00261,5,PAYMENT,2026-09-03
W00262,1,RECOMMEND,2025-04-17
W00262,2,SANCTION,2025-06-01
W00262,3,EXECUTION_START,2025-07-10
W00262,4,PROGRESS_UPDATE,2025-10-02
W00262,5,PAYMENT,2025-08-26
W00262,6,COMPLETION,2026-01-26
W00262,7,EVIDENCE_UPLOAD,2026-02-02
W00263,1,RECOMMEND,2024-09-29
W00263,2,SANCTION,2024-11-23
W00263,3,EXECUTION_START,2025-01-06
W00263,4,PROGRESS_UPDATE,2025-02-02
W00263,5,PAYMENT,2025-05-24
W00264,1,RECOMMEND,2025-08-31
W00264,2,SANCTION,2025-11-27
W00264,3,EXECUTION_START,2026-01-01
W00264,4,PROGRESS_UPDATE,2026-02-18
W00264,5,PAYMENT,2026-04-22
W00264,6,COMPLETION,2026-03-23
W00264,7,EVIDENCE_UPLOAD,2026-03-25
W00265,1,RECOMMEND,2023-09-03
W00265,2,SANCTION,2023-11-23
W00265,3,EXECUTION_START,2023-12-25
W00265,4,PROGRESS_UPDATE,2024-03-17
W00265,5,PAYMENT,2024-04-19
W00265,6,COMPLETION,2024-04-11
W00266,1,RECOMMEND,2023-04-25
W00266,2,SANCTION,2023-05-27
W00266,3,EXECUTION_START,2023-07-09
W00266,4,PROGRESS_UPDATE,2023-10-05
W00266,5,PAYMENT,2023-10-14
W00266,6,COMPLETION,2023-10-31
W00266,7,EVIDENCE_UPLOAD,2023-11-05
W00267,1,RECOMMEND,2023-04-14
W00267,2,SANCTION,2023-05-20
W00267,3,EXECUTION_START,2023-06-07
W00267,4,PROGRESS_UPDATE,2023-08-24
W00267,5,PAYMENT,2023-10-16
W00268,1,RECOMMEND,2023-06-06
W00268,2,SANCTION,2023-08-07
W00268,3,EXECUTION_START,2023-09-09
W00268,4,PROGRESS_UPDATE,2023-10-31
W00268,5,PAYMENT,2024-02-06
W00268,6,COMPLETION,2024-05-17
W00268,7,EVIDENCE_UPLOAD,2024-05-22
W00269,1,RECOMMEND,2025-07-24
W00269,2,SANCTION,2025-09-01
W00269,3,EXECUTION_START,2025-10-14
W00269,4,PROGRESS_UPDATE,2026-01-04
W00269,5,PAYMENT,2026-01-06
W00269,6,COMPLETION,2026-07-24
W00269,7,EVIDENCE_UPLOAD,2026-07-27
W00270,1,RECOMMEND,2025-06-09
W00270,2,SANCTION,2025-08-28
W00270,3,EXECUTION_START,2025-10-05
W00270,4,PROGRESS_UPDATE,2025-11-22
W00270,5,PAYMENT,2025-11-26
W00270,6,COMPLETION,2026-06-20
W00270,7,EVIDENCE_UPLOAD,2026-06-20
W00271,1,RECOMMEND,2025-10-18
W00271,2,SANCTION,2025-12-03
W00271,3,EXECUTION_START,2026-01-07
W00271,4,PROGRESS_UPDATE,2026-03-20
W00271,5,PAYMENT,2026-05-09
W00271,6,COMPLETION,2026-08-06
W00271,7,EVIDENCE_UPLOAD,2026-08-12
W00272,1,RECOMMEND,2023-05-30
W00272,2,SANCTION,2023-07-06
W00272,3,EXECUTION_START,2023-07-26
W00272,4,PROGRESS_UPDATE,2023-09-21
W00272,5,PAYMENT,2023-09-16
W00273,1,RECOMMEND,2025-07-17
W00273,2,SANCTION,2025-10-05
W00273,3,EXECUTION_START,2025-11-13
W00273,4,PROGRESS_UPDATE,2026-01-17
W00273,5,PAYMENT,2026-01-01
W00274,1,RECOMMEND,2023-06-22
W00274,2,SANCTION,2023-09-15
W00274,3,EXECUTION_START,2023-10-02
W00274,4,PROGRESS_UPDATE,2023-12-25
W00274,5,PAYMENT,2024-01-16
W00274,6,COMPLETION,2024-02-04
W00274,7,EVIDENCE_UPLOAD,2024-02-04
W00275,1,RECOMMEND,2023-08-31
W00275,2,SANCTION,2023-10-26
W00275,3,EXECUTION_START,2023-11-13
W00275,4,PROGRESS_UPDATE,2023-12-09
W00275,5,PAYMENT,2024-03-01
W00276,1,RECOMMEND,2024-05-28
W00276,2,SANCTION,2024-08-21
W00276,3,EXECUTION_START,2024-09-29
W00276,4,PROGRESS_UPDATE,2024-12-09
W00276,5,PAYMENT,2025-01-03
W00276,6,COMPLETION,2024-12-21
W00277,1,RECOMMEND,2025-10-30
W00277,2,SANCTION,2026-01-27
W00277,3,EXECUTION_START,2026-02-26
W00277,4,PROGRESS_UPDATE,2026-04-30
W00277,5,PAYMENT,2026-06-27
W00277,6,COMPLETION,2026-07-21
W00278,1,RECOMMEND,2025-05-23
W00278,2,SANCTION,2025-08-18
W00278,3,EXECUTION_START,2025-10-01
W00278,4,PROGRESS_UPDATE,2025-10-21
W00278,5,PAYMENT,2026-02-13
W00278,6,COMPLETION,2026-06-25
W00278,7,EVIDENCE_UPLOAD,2026-07-02
W00279,1,RECOMMEND,2023-04-23
W00279,2,SANCTION,2023-06-25
W00280,1,RECOMMEND,2025-06-05
W00280,2,SANCTION,2025-08-04
W00280,3,EXECUTION_START,2025-08-23
W00280,4,PROGRESS_UPDATE,2025-11-17
W00280,5,PAYMENT,2025-07-29
W00281,1,RECOMMEND,2025-07-10
W00281,2,SANCTION,2025-08-18
W00281,3,EXECUTION_START,2025-09-29
W00281,4,PROGRESS_UPDATE,2025-12-20
W00281,5,PAYMENT,2026-04-16
W00281,6,COMPLETION,2025-12-25
W00282,1,RECOMMEND,2025-01-08
W00282,2,SANCTION,2025-03-15
W00282,3,EXECUTION_START,2025-04-16
W00282,4,PROGRESS_UPDATE,2025-07-13
W00282,5,PAYMENT,2025-09-25
W00283,1,RECOMMEND,2025-07-19
W00283,2,SANCTION,2025-08-30
W00283,3,EXECUTION_START,2025-09-28
W00283,4,PROGRESS_UPDATE,2025-11-27
W00283,5,PAYMENT,2026-01-25
W00284,1,RECOMMEND,2024-04-21
W00284,2,SANCTION,2024-06-22
W00284,3,EXECUTION_START,2024-07-10
W00284,4,PROGRESS_UPDATE,2024-10-08
W00284,5,PAYMENT,2024-06-24
W00284,6,COMPLETION,2024-10-31
W00284,7,EVIDENCE_UPLOAD,2024-11-02
W00285,1,RECOMMEND,2025-01-14
W00285,2,SANCTION,2025-02-17
W00285,3,EXECUTION_START,2025-03-10
W00285,4,PROGRESS_UPDATE,2025-05-26
W00285,5,PAYMENT,2025-07-07
W00285,6,COMPLETION,2025-11-09
W00285,7,EVIDENCE_UPLOAD,2025-11-10
W00286,1,RECOMMEND,2024-11-30
W00286,2,SANCTION,2025-02-12
W00286,3,EXECUTION_START,2025-03-21
W00286,4,PROGRESS_UPDATE,2025-05-28
W00286,5,PAYMENT,2025-07-09
W00287,1,RECOMMEND,2024-05-28
W00287,2,SANCTION,2024-08-08
W00287,3,EXECUTION_START,2024-09-12
W00287,4,PROGRESS_UPDATE,2024-10-23
W00287,5,PAYMENT,2025-01-31
W00287,6,COMPLETION,2025-01-30
W00287,7,EVIDENCE_UPLOAD,2025-01-31
W00288,1,RECOMMEND,2023-09-03
W00288,2,SANCTION,2023-10-22
W00288,3,EXECUTION_START,2023-11-27
W00288,4,PROGRESS_UPDATE,2024-01-27
W00288,5,PAYMENT,2024-03-28
W00288,6,COMPLETION,2024-03-27
W00288,7,EVIDENCE_UPLOAD,2024-03-30
W00289,1,RECOMMEND,2025-01-16
W00289,2,SANCTION,2025-03-15
W00289,3,EXECUTION_START,2025-04-22
W00289,4,PROGRESS_UPDATE,2025-06-01
W00289,5,PAYMENT,2025-09-11
W00289,6,COMPLETION,2025-08-22
W00289,7,EVIDENCE_UPLOAD,2025-08-27
W00290,1,RECOMMEND,2024-08-04
W00290,2,SANCTION,2024-10-13
W00291,1,RECOMMEND,2024-04-07
W00291,2,SANCTION,2024-06-08
W00291,3,EXECUTION_START,2024-06-24
W00291,4,PROGRESS_UPDATE,2024-08-28
W00291,5,PAYMENT,2025-01-06
W00291,6,COMPLETION,2025-03-31
W00291,7,EVIDENCE_UPLOAD,2025-04-06
W00292,1,RECOMMEND,2023-06-19
W00292,2,SANCTION,2023-09-13
W00292,3,EXECUTION_START,2023-10-27
W00292,4,PROGRESS_UPDATE,2023-12-07
W00292,5,PAYMENT,2024-01-09
W00292,6,COMPLETION,2024-04-03
W00292,7,EVIDENCE_UPLOAD,2024-04-04
W00293,1,RECOMMEND,2024-07-09
W00293,2,SANCTION,2024-09-18
W00293,3,EXECUTION_START,2024-10-30
W00293,4,PROGRESS_UPDATE,2024-12-02
W00293,5,PAYMENT,2025-03-04
W00294,1,RECOMMEND,2024-05-24
W00294,2,SANCTION,2024-08-04
W00294,3,EXECUTION_START,2024-08-23
W00294,4,PROGRESS_UPDATE,2024-10-16
W00294,5,PAYMENT,2024-10-30
W00295,1,RECOMMEND,2025-06-11
W00295,2,SANCTION,2025-08-09
W00295,3,EXECUTION_START,2025-09-12
W00295,4,PROGRESS_UPDATE,2025-12-01
W00295,5,PAYMENT,2025-11-13
W00295,6,COMPLETION,2026-01-19
W00295,7,EVIDENCE_UPLOAD,2026-01-26
W00296,1,RECOMMEND,2023-10-28
W00296,2,SANCTION,2023-12-12
W00296,3,EXECUTION_START,2024-01-22
W00296,4,PROGRESS_UPDATE,2024-02-28
W00296,5,PAYMENT,2024-03-30
W00297,1,RECOMMEND,2023-04-18
W00297,2,SANCTION,2023-06-03
W00297,3,EXECUTION_START,2023-07-03
W00297,4,PROGRESS_UPDATE,2023-09-06
W00297,5,PAYMENT,2023-11-13
W00297,6,COMPLETION,2024-01-22
W00297,7,EVIDENCE_UPLOAD,2024-01-27
W00298,1,RECOMMEND,2025-10-05
W00298,2,SANCTION,2025-11-11
W00298,3,EXECUTION_START,2025-12-11
W00298,4,PROGRESS_UPDATE,2026-01-25
W00298,5,PAYMENT,2026-03-27
W00298,6,COMPLETION,2026-06-16
W00298,7,EVIDENCE_UPLOAD,2026-06-19
W00299,1,RECOMMEND,2024-04-13
W00299,2,SANCTION,2024-05-25
W00299,3,EXECUTION_START,2024-06-21
W00299,4,PROGRESS_UPDATE,2024-07-15
W00299,5,PAYMENT,2024-09-14
W00300,1,RECOMMEND,2025-12-15
W00300,2,SANCTION,2026-02-05
W00300,3,EXECUTION_START,2026-02-25
W00300,4,PROGRESS_UPDATE,2026-04-06
W00300,5,PAYMENT,2026-06-05
W00301,1,RECOMMEND,2023-11-19
W00301,2,SANCTION,2024-01-02
W00301,3,EXECUTION_START,2024-02-04
W00301,4,PROGRESS_UPDATE,2024-04-17
W00301,5,PAYMENT,2024-03-16
W00301,6,COMPLETION,2024-08-22
W00301,7,EVIDENCE_UPLOAD,2024-08-22
W00302,1,RECOMMEND,2024-04-14
W00302,2,SANCTION,2024-06-26
W00303,1,RECOMMEND,2024-07-26
W00303,2,SANCTION,2024-09-05
W00303,3,EXECUTION_START,2024-09-27
W00303,4,PROGRESS_UPDATE,2024-11-04
W00303,5,PAYMENT,2024-11-02
W00303,6,COMPLETION,2025-05-23
W00303,7,EVIDENCE_UPLOAD,2025-05-25
W00304,1,RECOMMEND,2023-04-03
W00304,2,SANCTION,2023-06-19
W00304,3,EXECUTION_START,2023-07-12
W00304,4,PROGRESS_UPDATE,2023-08-28
W00304,5,PAYMENT,2023-12-04
W00304,6,COMPLETION,2023-12-14
W00304,7,EVIDENCE_UPLOAD,2023-12-19
W00305,1,RECOMMEND,2025-06-21
W00305,2,SANCTION,2025-08-25
W00305,3,EXECUTION_START,2025-10-03
W00305,4,PROGRESS_UPDATE,2025-12-08
W00305,5,PAYMENT,2026-01-15
W00305,6,COMPLETION,2026-03-20
W00305,7,EVIDENCE_UPLOAD,2026-03-24
W00306,1,RECOMMEND,2024-07-09
W00306,2,SANCTION,2024-09-24
W00307,1,RECOMMEND,2024-08-30
W00307,2,SANCTION,2024-11-24
W00307,3,EXECUTION_START,2024-12-31
W00307,4,PROGRESS_UPDATE,2025-02-02
W00307,5,PAYMENT,2025-04-03
W00307,6,COMPLETION,2025-09-07
W00307,7,EVIDENCE_UPLOAD,2025-09-10
W00308,1,RECOMMEND,2023-09-03
W00308,2,SANCTION,2023-10-11
W00309,1,RECOMMEND,2025-10-03
W00309,2,SANCTION,2025-11-13
W00309,3,EXECUTION_START,2025-12-21
W00309,4,PROGRESS_UPDATE,2026-02-10
W00309,5,PAYMENT,2026-03-25
W00309,6,COMPLETION,2026-08-14
W00309,7,EVIDENCE_UPLOAD,2026-08-14
W00310,1,RECOMMEND,2024-11-10
W00310,2,SANCTION,2025-01-14
W00310,3,EXECUTION_START,2025-02-03
W00310,4,PROGRESS_UPDATE,2025-03-10
W00310,5,PAYMENT,2025-04-30
W00310,6,COMPLETION,2025-06-13
W00311,1,RECOMMEND,2023-05-14
W00311,2,SANCTION,2023-06-24
W00311,3,EXECUTION_START,2023-07-26
W00311,4,PROGRESS_UPDATE,2023-10-20
W00311,5,PAYMENT,2023-11-29
W00311,6,COMPLETION,2023-12-26
W00311,7,EVIDENCE_UPLOAD,2023-12-29
W00312,1,RECOMMEND,2023-11-16
W00312,2,SANCTION,2024-02-11
W00312,3,EXECUTION_START,2024-03-10
W00312,4,PROGRESS_UPDATE,2024-06-02
W00312,5,PAYMENT,2024-06-23
W00312,6,COMPLETION,2024-08-24
W00312,7,EVIDENCE_UPLOAD,2024-08-29
W00313,1,RECOMMEND,2024-04-23
W00313,2,SANCTION,2024-06-24
W00313,3,EXECUTION_START,2024-07-27
W00313,4,PROGRESS_UPDATE,2024-09-19
W00313,5,PAYMENT,2024-11-20
W00313,6,COMPLETION,2025-04-08
W00313,7,EVIDENCE_UPLOAD,2025-04-13
W00314,1,RECOMMEND,2023-05-30
W00314,2,SANCTION,2023-08-23
W00314,3,EXECUTION_START,2023-09-11
W00314,4,PROGRESS_UPDATE,2023-10-02
W00314,5,PAYMENT,2023-10-17
W00314,6,COMPLETION,2023-11-29
W00314,7,EVIDENCE_UPLOAD,2023-11-29
W00315,1,RECOMMEND,2023-10-20
W00315,2,SANCTION,2024-01-12
W00315,3,EXECUTION_START,2024-01-30
W00315,4,PROGRESS_UPDATE,2024-03-15
W00315,5,PAYMENT,2024-03-13
W00316,1,RECOMMEND,2024-11-17
W00316,2,SANCTION,2025-01-07
W00316,3,EXECUTION_START,2025-01-24
W00316,4,PROGRESS_UPDATE,2025-04-09
W00316,5,PAYMENT,2025-07-15
W00317,1,RECOMMEND,2025-10-23
W00317,2,SANCTION,2025-12-11
W00317,3,EXECUTION_START,2026-01-23
W00317,4,PROGRESS_UPDATE,2026-02-12
W00317,5,PAYMENT,2026-04-21
W00317,6,COMPLETION,2026-06-22
W00317,7,EVIDENCE_UPLOAD,2026-06-23
W00318,1,RECOMMEND,2024-12-01
W00318,2,SANCTION,2025-01-03
W00319,1,RECOMMEND,2023-10-20
W00319,2,SANCTION,2023-12-10
W00319,3,EXECUTION_START,2024-01-13
W00319,4,PROGRESS_UPDATE,2024-03-21
W00319,5,PAYMENT,2024-05-30
W00319,6,COMPLETION,2024-06-03
W00319,7,EVIDENCE_UPLOAD,2024-06-08
W00320,1,RECOMMEND,2025-08-22
W00320,2,SANCTION,2025-10-31
W00320,3,EXECUTION_START,2025-11-30
W00320,4,PROGRESS_UPDATE,2026-02-01
W00320,5,PAYMENT,2026-03-03
W00320,6,COMPLETION,2026-04-11
W00320,7,EVIDENCE_UPLOAD,2026-04-17
W00321,1,RECOMMEND,2024-11-20
W00321,2,SANCTION,2025-02-07
W00321,3,EXECUTION_START,2025-02-23
W00321,4,PROGRESS_UPDATE,2025-04-01
W00321,5,PAYMENT,2025-01-17
W00321,6,COMPLETION,2025-07-28
W00321,7,EVIDENCE_UPLOAD,2025-07-30
W00322,1,RECOMMEND,2025-09-03
W00322,2,SANCTION,2025-10-12
W00322,3,EXECUTION_START,2025-11-17
W00322,4,PROGRESS_UPDATE,2026-02-15
W00322,5,PAYMENT,2026-02-08
W00322,6,COMPLETION,2026-05-30
W00322,7,EVIDENCE_UPLOAD,2026-06-05
W00323,1,RECOMMEND,2024-11-03
W00323,2,SANCTION,2025-01-18
W00323,3,EXECUTION_START,2025-02-10
W00323,4,PROGRESS_UPDATE,2025-04-21
W00323,5,PAYMENT,2025-03-12
W00324,1,RECOMMEND,2025-12-14
W00324,2,SANCTION,2026-02-11
W00324,3,EXECUTION_START,2026-03-28
W00324,4,PROGRESS_UPDATE,2026-05-14
W00324,5,PAYMENT,2026-08-24
W00325,1,RECOMMEND,2025-12-23
W00325,2,SANCTION,2026-02-17
W00325,3,EXECUTION_START,2026-03-27
W00325,4,PROGRESS_UPDATE,2026-05-22
W00325,5,PAYMENT,2026-09-21
W00325,6,COMPLETION,2026-09-23
W00325,7,EVIDENCE_UPLOAD,2026-09-23
W00326,1,RECOMMEND,2025-12-02
W00326,2,SANCTION,2026-01-18
W00326,3,EXECUTION_START,2026-02-10
W00326,4,PROGRESS_UPDATE,2026-03-09
W00326,5,PAYMENT,2026-03-26
W00327,1,RECOMMEND,2023-09-29
W00327,2,SANCTION,2023-11-06
W00327,3,EXECUTION_START,2023-11-25
W00327,4,PROGRESS_UPDATE,2023-12-26
W00327,5,PAYMENT,2024-01-30
W00327,6,COMPLETION,2024-09-10
W00327,7,EVIDENCE_UPLOAD,2024-09-10
W00328,1,RECOMMEND,2025-09-14
W00328,2,SANCTION,2025-10-18
W00328,3,EXECUTION_START,2025-11-09
W00328,4,PROGRESS_UPDATE,2026-01-17
W00328,5,PAYMENT,2026-02-14
W00328,6,COMPLETION,2026-06-24
W00328,7,EVIDENCE_UPLOAD,2026-06-24
W00329,1,RECOMMEND,2025-06-22
W00329,2,SANCTION,2025-09-19
W00329,3,EXECUTION_START,2025-10-22
W00329,4,PROGRESS_UPDATE,2026-01-05
W00329,5,PAYMENT,2025-12-10
W00329,6,COMPLETION,2026-05-19
W00329,7,EVIDENCE_UPLOAD,2026-05-26
W00330,1,RECOMMEND,2025-10-04
W00330,2,SANCTION,2025-11-17
W00330,3,EXECUTION_START,2025-12-03
W00330,4,PROGRESS_UPDATE,2026-01-05
W00330,5,PAYMENT,2026-02-07
W00330,6,COMPLETION,2026-07-19
W00330,7,EVIDENCE_UPLOAD,2026-07-25
W00331,1,RECOMMEND,2026-01-13
W00331,2,SANCTION,2026-04-10
W00331,3,EXECUTION_START,2026-04-29
W00331,4,PROGRESS_UPDATE,2026-06-16
W00331,5,PAYMENT,2026-08-16
W00331,6,COMPLETION,2026-08-09
W00331,7,EVIDENCE_UPLOAD,2026-08-16
W00332,1,RECOMMEND,2024-08-15
W00332,2,SANCTION,2024-10-05
W00332,3,EXECUTION_START,2024-10-23
W00332,4,PROGRESS_UPDATE,2024-12-17
W00332,5,PAYMENT,2025-05-07
W00333,1,RECOMMEND,2025-09-09
W00333,2,SANCTION,2025-11-07
W00333,3,EXECUTION_START,2025-12-04
W00333,4,PROGRESS_UPDATE,2026-03-04
W00333,5,PAYMENT,2026-05-08
W00333,6,COMPLETION,2026-09-20
W00333,7,EVIDENCE_UPLOAD,2026-09-22
W00334,1,RECOMMEND,2025-06-14
W00334,2,SANCTION,2025-09-04
W00334,3,EXECUTION_START,2025-10-03
W00334,4,PROGRESS_UPDATE,2025-12-31
W00334,5,PAYMENT,2026-01-10
W00334,6,COMPLETION,2026-05-24
W00334,7,EVIDENCE_UPLOAD,2026-05-25
W00335,1,RECOMMEND,2024-09-22
W00335,2,SANCTION,2024-11-21
W00335,3,EXECUTION_START,2025-01-02
W00335,4,PROGRESS_UPDATE,2025-02-10
W00335,5,PAYMENT,2025-02-08
W00335,6,COMPLETION,2025-03-17
W00335,7,EVIDENCE_UPLOAD,2025-03-18
W00336,1,RECOMMEND,2023-06-13
W00336,2,SANCTION,2023-07-19
W00336,3,EXECUTION_START,2023-08-04
W00336,4,PROGRESS_UPDATE,2023-08-30
W00336,5,PAYMENT,2023-09-15
W00336,6,COMPLETION,2023-12-10
W00336,7,EVIDENCE_UPLOAD,2023-12-15
W00337,1,RECOMMEND,2023-09-24
W00337,2,SANCTION,2023-12-17
W00337,3,EXECUTION_START,2024-01-16
W00337,4,PROGRESS_UPDATE,2024-04-03
W00337,5,PAYMENT,2024-05-30
W00337,6,COMPLETION,2024-04-15
W00337,7,EVIDENCE_UPLOAD,2024-04-19
W00338,1,RECOMMEND,2024-06-28
W00338,2,SANCTION,2024-09-24
W00338,3,EXECUTION_START,2024-10-11
W00338,4,PROGRESS_UPDATE,2025-01-08
W00338,5,PAYMENT,2024-12-03
W00338,6,COMPLETION,2025-06-13
W00338,7,EVIDENCE_UPLOAD,2025-06-17
W00339,1,RECOMMEND,2023-09-16
W00339,2,SANCTION,2023-10-29
W00339,3,EXECUTION_START,2023-11-16
W00339,4,PROGRESS_UPDATE,2023-12-13
W00339,5,PAYMENT,2024-04-04
W00339,6,COMPLETION,2024-02-17
W00339,7,EVIDENCE_UPLOAD,2024-02-24
W00340,1,RECOMMEND,2025-08-19
W00340,2,SANCTION,2025-09-29
W00340,3,EXECUTION_START,2025-11-01
W00340,4,PROGRESS_UPDATE,2026-01-20
W00340,5,PAYMENT,2026-01-04
W00341,1,RECOMMEND,2024-05-03
W00341,2,SANCTION,2024-06-08
W00341,3,EXECUTION_START,2024-07-11
W00341,4,PROGRESS_UPDATE,2024-09-10
W00341,5,PAYMENT,2024-12-03
W00342,1,RECOMMEND,2026-01-16
W00342,2,SANCTION,2026-02-18
W00342,3,EXECUTION_START,2026-03-11
W00342,4,PROGRESS_UPDATE,2026-05-24
W00342,5,PAYMENT,2026-08-29
W00342,6,COMPLETION,2026-10-31
W00342,7,EVIDENCE_UPLOAD,2026-11-06
W00343,1,RECOMMEND,2023-08-12
W00343,2,SANCTION,2023-10-13
W00344,1,RECOMMEND,2025-12-04
W00344,2,SANCTION,2026-02-20
W00345,1,RECOMMEND,2025-12-26
W00345,2,SANCTION,2026-02-26
W00345,3,EXECUTION_START,2026-04-04
W00345,4,PROGRESS_UPDATE,2026-06-24
W00345,5,PAYMENT,2026-05-20
W00345,6,COMPLETION,2026-10-25
W00345,7,EVIDENCE_UPLOAD,2026-10-28
W00346,1,RECOMMEND,2025-11-23
W00346,2,SANCTION,2026-01-30
W00346,3,EXECUTION_START,2026-03-12
W00346,4,PROGRESS_UPDATE,2026-06-07
W00346,5,PAYMENT,2026-08-22
W00346,6,COMPLETION,2026-12-15
W00346,7,EVIDENCE_UPLOAD,2026-12-20
W00347,1,RECOMMEND,2025-07-14
W00347,2,SANCTION,2025-09-18
W00348,1,RECOMMEND,2024-09-16
W00348,2,SANCTION,2024-10-24
W00348,3,EXECUTION_START,2024-11-25
W00348,4,PROGRESS_UPDATE,2025-01-13
W00348,5,PAYMENT,2025-05-12
W00348,6,COMPLETION,2025-04-21
W00348,7,EVIDENCE_UPLOAD,2025-04-27
W00349,1,RECOMMEND,2024-11-07
W00349,2,SANCTION,2025-01-14
W00349,3,EXECUTION_START,2025-02-04
W00349,4,PROGRESS_UPDATE,2025-04-17
W00349,5,PAYMENT,2025-01-26
W00349,6,COMPLETION,2025-06-19
W00349,7,EVIDENCE_UPLOAD,2025-06-24
W00350,1,RECOMMEND,2025-04-09
W00350,2,SANCTION,2025-06-21
W00350,3,EXECUTION_START,2025-08-03
W00350,4,PROGRESS_UPDATE,2025-08-25
W00350,5,PAYMENT,2025-09-16
W00351,1,RECOMMEND,2025-07-05
W00351,2,SANCTION,2025-08-28
W00351,3,EXECUTION_START,2025-09-28
W00351,4,PROGRESS_UPDATE,2025-12-01
W00351,5,PAYMENT,2026-04-12
W00351,6,COMPLETION,2026-03-28
W00351,7,EVIDENCE_UPLOAD,2026-03-31
W00352,1,RECOMMEND,2023-11-28
W00352,2,SANCTION,2024-02-16
W00352,3,EXECUTION_START,2024-03-19
W00352,4,PROGRESS_UPDATE,2024-05-01
W00352,5,PAYMENT,2024-07-22
W00352,6,COMPLETION,2024-09-08
W00352,7,EVIDENCE_UPLOAD,2024-09-13
W00353,1,RECOMMEND,2025-01-08
W00353,2,SANCTION,2025-02-25
W00354,1,RECOMMEND,2024-06-04
W00354,2,SANCTION,2024-09-02
W00354,3,EXECUTION_START,2024-09-28
W00354,4,PROGRESS_UPDATE,2024-12-06
W00354,5,PAYMENT,2025-02-15
W00354,6,COMPLETION,2024-12-20
W00355,1,RECOMMEND,2025-09-30
W00355,2,SANCTION,2025-11-22
W00355,3,EXECUTION_START,2025-12-31
W00355,4,PROGRESS_UPDATE,2026-03-16
W00355,5,PAYMENT,2026-06-03
W00356,1,RECOMMEND,2024-09-07
W00356,2,SANCTION,2024-10-25
W00356,3,EXECUTION_START,2024-11-25
W00356,4,PROGRESS_UPDATE,2024-12-19
W00356,5,PAYMENT,2025-03-26
W00356,6,COMPLETION,2025-09-06
W00356,7,EVIDENCE_UPLOAD,2025-09-13
W00357,1,RECOMMEND,2023-05-23
W00357,2,SANCTION,2023-07-05
W00358,1,RECOMMEND,2024-12-16
W00358,2,SANCTION,2025-01-26
W00358,3,EXECUTION_START,2025-02-14
W00358,4,PROGRESS_UPDATE,2025-05-11
W00358,5,PAYMENT,2025-05-14
W00359,1,RECOMMEND,2023-11-12
W00359,2,SANCTION,2024-01-04
W00359,3,EXECUTION_START,2024-02-03
W00359,4,PROGRESS_UPDATE,2024-04-26
W00359,5,PAYMENT,2024-03-21
W00359,6,COMPLETION,2024-06-17
W00359,7,EVIDENCE_UPLOAD,2024-06-21
W00360,1,RECOMMEND,2025-10-06
W00360,2,SANCTION,2025-12-13
W00361,1,RECOMMEND,2024-06-10
W00361,2,SANCTION,2024-07-23
W00361,3,EXECUTION_START,2024-08-10
W00361,4,PROGRESS_UPDATE,2024-09-03
W00361,5,PAYMENT,2025-01-13
W00362,1,RECOMMEND,2024-05-14
W00362,2,SANCTION,2024-07-22
W00362,3,EXECUTION_START,2024-08-09
W00362,4,PROGRESS_UPDATE,2024-09-18
W00362,5,PAYMENT,2025-02-10
W00362,6,COMPLETION,2024-11-13
W00362,7,EVIDENCE_UPLOAD,2024-11-20
W00363,1,RECOMMEND,2024-08-03
W00363,2,SANCTION,2024-09-07
W00363,3,EXECUTION_START,2024-10-05
W00363,4,PROGRESS_UPDATE,2024-11-29
W00363,5,PAYMENT,2024-11-12
W00364,1,RECOMMEND,2024-06-13
W00364,2,SANCTION,2024-07-16
W00364,3,EXECUTION_START,2024-08-12
W00364,4,PROGRESS_UPDATE,2024-10-08
W00364,5,PAYMENT,2024-09-15
W00365,1,RECOMMEND,2024-05-29
W00365,2,SANCTION,2024-08-25
W00366,1,RECOMMEND,2024-08-02
W00366,2,SANCTION,2024-09-09
W00366,3,EXECUTION_START,2024-10-21
W00366,4,PROGRESS_UPDATE,2024-11-15
W00366,5,PAYMENT,2025-04-16
W00367,1,RECOMMEND,2024-11-17
W00367,2,SANCTION,2024-12-22
W00367,3,EXECUTION_START,2025-02-03
W00367,4,PROGRESS_UPDATE,2025-03-18
W00367,5,PAYMENT,2025-04-21
W00367,6,COMPLETION,2025-10-02
W00367,7,EVIDENCE_UPLOAD,2025-10-06
W00368,1,RECOMMEND,2023-09-21
W00368,2,SANCTION,2023-12-16
W00368,3,EXECUTION_START,2024-01-08
W00368,4,PROGRESS_UPDATE,2024-02-05
W00368,5,PAYMENT,2024-02-07
W00368,6,COMPLETION,2024-04-04
W00368,7,EVIDENCE_UPLOAD,2024-04-06
W00369,1,RECOMMEND,2024-10-24
W00369,2,SANCTION,2025-01-19
W00369,3,EXECUTION_START,2025-02-18
W00369,4,PROGRESS_UPDATE,2025-03-27
W00369,5,PAYMENT,2025-08-17
W00369,6,COMPLETION,2025-11-09
W00369,7,EVIDENCE_UPLOAD,2025-11-12
W00370,1,RECOMMEND,2024-09-10
W00370,2,SANCTION,2024-11-28
W00370,3,EXECUTION_START,2025-01-07
W00370,4,PROGRESS_UPDATE,2025-04-06
W00370,5,PAYMENT,2025-05-09
W00370,6,COMPLETION,2025-07-29
W00370,7,EVIDENCE_UPLOAD,2025-08-05
W00371,1,RECOMMEND,2023-08-04
W00371,2,SANCTION,2023-09-30
W00371,3,EXECUTION_START,2023-10-29
W00371,4,PROGRESS_UPDATE,2023-12-11
W00371,5,PAYMENT,2024-03-03
W00371,6,COMPLETION,2024-03-30
W00371,7,EVIDENCE_UPLOAD,2024-03-30
W00372,1,RECOMMEND,2023-09-17
W00372,2,SANCTION,2023-11-26
W00372,3,EXECUTION_START,2023-12-11
W00372,4,PROGRESS_UPDATE,2024-02-02
W00372,5,PAYMENT,2024-05-11
W00373,1,RECOMMEND,2024-09-05
W00373,2,SANCTION,2024-10-07
W00373,3,EXECUTION_START,2024-11-04
W00373,4,PROGRESS_UPDATE,2024-12-11
W00373,5,PAYMENT,2025-02-19
W00373,6,COMPLETION,2025-03-02
W00373,7,EVIDENCE_UPLOAD,2025-03-07
W00374,1,RECOMMEND,2023-08-07
W00374,2,SANCTION,2023-10-14
W00374,3,EXECUTION_START,2023-11-27
W00374,4,PROGRESS_UPDATE,2023-12-19
W00374,5,PAYMENT,2024-06-09
W00375,1,RECOMMEND,2025-12-15
W00375,2,SANCTION,2026-02-28
W00375,3,EXECUTION_START,2026-04-13
W00375,4,PROGRESS_UPDATE,2026-06-18
W00375,5,PAYMENT,2026-09-19
W00375,6,COMPLETION,2026-12-30
W00375,7,EVIDENCE_UPLOAD,2027-01-02
W00376,1,RECOMMEND,2025-11-08
W00376,2,SANCTION,2025-12-28
W00376,3,EXECUTION_START,2026-01-19
W00376,4,PROGRESS_UPDATE,2026-04-03
W00376,5,PAYMENT,2026-06-21
W00376,6,COMPLETION,2026-10-31
W00376,7,EVIDENCE_UPLOAD,2026-11-01
W00377,1,RECOMMEND,2025-11-24
W00377,2,SANCTION,2026-02-06
W00377,3,EXECUTION_START,2026-03-21
W00377,4,PROGRESS_UPDATE,2026-06-10
W00377,5,PAYMENT,2026-05-07
W00377,6,COMPLETION,2026-10-21
W00377,7,EVIDENCE_UPLOAD,2026-10-25
W00378,1,RECOMMEND,2025-09-28
W00378,2,SANCTION,2025-11-12
W00378,3,EXECUTION_START,2025-12-07
W00378,4,PROGRESS_UPDATE,2026-02-05
W00378,5,PAYMENT,2026-04-22
W00378,6,COMPLETION,2026-05-20
W00378,7,EVIDENCE_UPLOAD,2026-05-25
W00379,1,RECOMMEND,2025-06-09
W00379,2,SANCTION,2025-08-22
W00379,3,EXECUTION_START,2025-10-02
W00379,4,PROGRESS_UPDATE,2025-11-14
W00379,5,PAYMENT,2025-11-04
W00379,6,COMPLETION,2026-07-02
W00379,7,EVIDENCE_UPLOAD,2026-07-08
W00380,1,RECOMMEND,2023-12-31
W00380,2,SANCTION,2024-03-04
W00380,3,EXECUTION_START,2024-04-08
W00380,4,PROGRESS_UPDATE,2024-05-02
W00380,5,PAYMENT,2024-06-19
W00380,6,COMPLETION,2024-06-12
W00380,7,EVIDENCE_UPLOAD,2024-06-19
W00381,1,RECOMMEND,2025-12-31
W00381,2,SANCTION,2026-03-02
W00382,1,RECOMMEND,2025-06-12
W00382,2,SANCTION,2025-07-16
W00382,3,EXECUTION_START,2025-08-23
W00382,4,PROGRESS_UPDATE,2025-10-12
W00382,5,PAYMENT,2025-11-05
W00382,6,COMPLETION,2026-03-28
W00382,7,EVIDENCE_UPLOAD,2026-03-28
W00383,1,RECOMMEND,2025-08-02
W00383,2,SANCTION,2025-09-03
W00384,1,RECOMMEND,2024-10-01
W00384,2,SANCTION,2024-11-14
W00384,3,EXECUTION_START,2024-12-15
W00384,4,PROGRESS_UPDATE,2025-02-04
W00384,5,PAYMENT,2025-06-13
W00385,1,RECOMMEND,2025-09-05
W00385,2,SANCTION,2025-11-16
W00385,3,EXECUTION_START,2025-12-07
W00385,4,PROGRESS_UPDATE,2026-01-12
W00385,5,PAYMENT,2026-04-20
W00385,6,COMPLETION,2026-06-14
W00385,7,EVIDENCE_UPLOAD,2026-06-21
W00386,1,RECOMMEND,2025-06-04
W00386,2,SANCTION,2025-07-24
W00386,3,EXECUTION_START,2025-08-20
W00386,4,PROGRESS_UPDATE,2025-11-05
W00386,5,PAYMENT,2025-12-27
W00386,6,COMPLETION,2025-11-17
W00386,7,EVIDENCE_UPLOAD,2025-11-20
W00387,1,RECOMMEND,2026-01-17
W00387,2,SANCTION,2026-02-20
W00387,3,EXECUTION_START,2026-03-18
W00387,4,PROGRESS_UPDATE,2026-04-10
W00387,5,PAYMENT,2026-07-23
W00387,6,COMPLETION,2026-07-17
W00387,7,EVIDENCE_UPLOAD,2026-07-18
W00388,1,RECOMMEND,2024-01-26
W00388,2,SANCTION,2024-04-06
W00388,3,EXECUTION_START,2024-04-23
W00388,4,PROGRESS_UPDATE,2024-07-12
W00388,5,PAYMENT,2024-11-09
W00389,1,RECOMMEND,2024-05-19
W00389,2,SANCTION,2024-08-06
W00389,3,EXECUTION_START,2024-09-07
W00389,4,PROGRESS_UPDATE,2024-11-29
W00389,5,PAYMENT,2025-02-28
W00390,1,RECOMMEND,2025-01-20
W00390,2,SANCTION,2025-03-15
W00390,3,EXECUTION_START,2025-04-28
W00390,4,PROGRESS_UPDATE,2025-06-23
W00390,5,PAYMENT,2025-10-02
W00390,6,COMPLETION,2026-02-04
W00390,7,EVIDENCE_UPLOAD,2026-02-10
W00391,1,RECOMMEND,2024-04-07
W00391,2,SANCTION,2024-06-15
W00391,3,EXECUTION_START,2024-07-13
W00391,4,PROGRESS_UPDATE,2024-08-14
W00391,5,PAYMENT,2024-09-26
W00391,6,COMPLETION,2024-11-22
W00391,7,EVIDENCE_UPLOAD,2024-11-26
W00392,1,RECOMMEND,2025-09-22
W00392,2,SANCTION,2025-12-11
W00392,3,EXECUTION_START,2026-01-04
W00392,4,PROGRESS_UPDATE,2026-02-24
W00392,5,PAYMENT,2026-06-17
W00392,6,COMPLETION,2026-04-06
W00393,1,RECOMMEND,2026-01-24
W00393,2,SANCTION,2026-03-28
W00393,3,EXECUTION_START,2026-05-05
W00393,4,PROGRESS_UPDATE,2026-05-28
W00393,5,PAYMENT,2026-11-16
W00393,6,COMPLETION,2026-10-18
W00393,7,EVIDENCE_UPLOAD,2026-10-24
W00394,1,RECOMMEND,2023-10-05
W00394,2,SANCTION,2024-01-02
W00395,1,RECOMMEND,2026-01-10
W00395,2,SANCTION,2026-02-14
W00395,3,EXECUTION_START,2026-03-04
W00395,4,PROGRESS_UPDATE,2026-04-11
W00395,5,PAYMENT,2026-04-10
W00395,6,COMPLETION,2026-08-16
W00395,7,EVIDENCE_UPLOAD,2026-08-17
W00396,1,RECOMMEND,2025-08-05
W00396,2,SANCTION,2025-09-28
W00396,3,EXECUTION_START,2025-10-18
W00396,4,PROGRESS_UPDATE,2025-12-17
W00396,5,PAYMENT,2026-01-24
W00396,6,COMPLETION,2025-12-27
W00396,7,EVIDENCE_UPLOAD,2026-01-03
W00397,1,RECOMMEND,2025-12-28
W00397,2,SANCTION,2026-02-19
W00397,3,EXECUTION_START,2026-03-07
W00397,4,PROGRESS_UPDATE,2026-06-05
W00397,5,PAYMENT,2026-05-21
W00397,6,COMPLETION,2026-08-19
W00397,7,EVIDENCE_UPLOAD,2026-08-20
W00398,1,RECOMMEND,2025-07-29
W00398,2,SANCTION,2025-10-22
W00398,3,EXECUTION_START,2025-11-19
W00398,4,PROGRESS_UPDATE,2026-01-29
W00398,5,PAYMENT,2026-02-20
W00399,1,RECOMMEND,2023-05-15
W00399,2,SANCTION,2023-08-06
W00399,3,EXECUTION_START,2023-09-06
W00399,4,PROGRESS_UPDATE,2023-10-06
W00399,5,PAYMENT,2023-11-26
W00400,1,RECOMMEND,2024-10-27
W00400,2,SANCTION,2024-11-26
W00400,3,EXECUTION_START,2024-12-26
W00400,4,PROGRESS_UPDATE,2025-01-15
W00400,5,PAYMENT,2025-05-16
W00401,1,RECOMMEND,2025-04-22
W00401,2,SANCTION,2025-06-25
W00401,3,EXECUTION_START,2025-07-31
W00401,4,PROGRESS_UPDATE,2025-09-29
W00401,5,PAYMENT,2025-11-22
W00402,1,RECOMMEND,2024-09-26
W00402,2,SANCTION,2024-12-04
W00402,3,EXECUTION_START,2025-01-05
W00402,4,PROGRESS_UPDATE,2025-02-01
W00402,5,PAYMENT,2025-04-08
W00402,6,COMPLETION,2025-06-02
W00402,7,EVIDENCE_UPLOAD,2025-06-04
W00403,1,RECOMMEND,2023-04-04
W00403,2,SANCTION,2023-07-03
W00403,3,EXECUTION_START,2023-07-29
W00403,4,PROGRESS_UPDATE,2023-10-23
W00403,5,PAYMENT,2023-12-28
W00403,6,COMPLETION,2023-11-02
W00403,7,EVIDENCE_UPLOAD,2023-11-08
W00404,1,RECOMMEND,2024-07-09
W00404,2,SANCTION,2024-09-18
W00404,3,EXECUTION_START,2024-10-30
W00404,4,PROGRESS_UPDATE,2025-01-10
W00404,5,PAYMENT,2025-03-04
W00405,1,RECOMMEND,2025-12-15
W00405,2,SANCTION,2026-02-28
W00405,3,EXECUTION_START,2026-04-13
W00405,4,PROGRESS_UPDATE,2026-05-31
W00405,5,PAYMENT,2026-09-19
W00405,6,COMPLETION,2026-12-30
W00405,7,EVIDENCE_UPLOAD,2027-01-02
W00406,1,RECOMMEND,2024-08-25
W00406,2,SANCTION,2024-09-30
W00406,3,EXECUTION_START,2024-11-04
W00406,4,PROGRESS_UPDATE,2024-12-24
W00406,5,PAYMENT,2024-12-25
W00406,6,COMPLETION,2025-07-12
W00406,7,EVIDENCE_UPLOAD,2025-07-16
