work_id,mp_id,state,district,financial_year,nature_of_work,description,implementing_agency,vendor_id,sanctioned_amount,expenditure_incurred,amount_released,progress_pct,status,recommend_date,sanction_date,execution_start_date,first_payment_date,completion_date,completion_photo_id,has_completion_evidence
W00001,MP018,Tamil Nadu,Trichy,2025-26,Community hall,"Community hall at ward 31, Trichy",IA026,V041,2110000,592000,576000,28,in_progress,2024-08-11,2024-10-15,2024-11-06,2025-04-05,,,False
W00002,MP016,Tamil Nadu,Coimbatore,2025-26,e-Library,"e-Library at ward 25, Coimbatore",IA028,V026,1612000,402000,397000,28,in_progress,2023-09-02,2023-11-20,2023-12-05,2024-03-12,,,False
W00003,MP019,Tamil Nadu,Madurai,2024-25,CC road / paver block,"CC road / paver block at ward 35, Madurai",IA038,V027,572000,516000,499000,100,completed,2025-09-02,2025-10-28,2025-11-28,2026-04-05,2026-08-28,IMG_W00003,True
W00004,MP007,Maharashtra,Pune,2025-26,School classroom block,"School classroom block at ward 37, Pune",IA018,V019,3476000,1425000,1137000,40,in_progress,2026-01-18,2026-03-25,2026-04-12,2026-10-26,,,False
W00005,MP020,Tamil Nadu,Salem,2023-24,Public toilet block,"Public toilet block at ward 25, Salem",IA038,V022,271000,210000,148000,72,in_progress,2024-10-30,2025-01-23,2025-02-10,2025-08-13,,,False
W00006,MP023,Karnataka,Mysuru,2023-24,Drinking water - borewell,"Drinking water - borewell at ward 22, Mysuru",IA021,V024,386000,374000,338000,100,completed,2023-10-26,2023-12-13,2024-01-16,2024-03-25,2024-05-22,,False
W00007,MP010,Karnataka,Hubli,2024-25,e-Library,"e-Library at ward 17, Hubli",IA034,V020,1466000,1410000,1356000,100,completed,2025-08-17,2025-10-13,2025-11-17,2026-02-15,2026-07-19,IMG_W00007,True
W00008,MP023,Tamil Nadu,Salem,2024-25,Culvert / drainage,"Culvert / drainage at ward 32, Salem",IA002,V038,324000,104000,92000,37,in_progress,2024-09-28,2024-12-10,2025-01-23,2025-07-27,,,False
W00009,MP009,Maharashtra,Pune,2024-25,Culvert / drainage,"Culvert / drainage at ward 25, Pune",IA007,V050,601000,582000,542000,100,completed,2024-07-04,2024-08-23,2024-10-01,2025-04-01,2025-03-04,IMG_W00009,True
W00010,MP015,Karnataka,Mysuru,2023-24,School classroom block,"School classroom block at ward 6, Mysuru",IA022,V048,1444000,3296000,1312000,100,completed,2023-09-12,2023-12-11,2024-01-05,2024-04-01,2024-08-24,IMG_W00010,True
W00011,MP011,Karnataka,Mysuru,2025-26,CC road / paver block,"CC road / paver block at ward 6, Mysuru",IA040,V023,568000,0,0,0,sanctioned,2025-01-20,2025-03-02,,,,,False
W00012,MP005,Maharashtra,Nagpur,2023-24,e-Library,"e-Library at ward 1, Nagpur",IA031,V054,938000,489000,435000,54,in_progress,2024-11-01,2025-01-06,2025-02-03,2025-06-18,,,False
W00013,MP008,Karnataka,Mysuru,2023-24,Drinking water - borewell,"Drinking water - borewell at ward 3, Mysuru",IA033,V060,647000,607000,524000,86,in_progress,2023-05-05,2023-07-28,2023-08-30,2023-10-29,,,False
W00014,MP004,Karnataka,Bengaluru,2024-25,Drinking water - borewell,"Drinking water - borewell at ward 9, Bengaluru",IA017,V056,489000,465000,430000,100,completed,2023-12-25,2024-02-27,2024-03-26,2024-09-28,2024-06-07,IMG_W00014,True
W00015,MP021,Tamil Nadu,Madurai,2025-26,Solar street lights,"Solar street lights at ward 26, Madurai",IA004,V049,298000,302000,277000,100,completed,2024-06-05,2024-08-26,2024-10-09,2025-03-12,2024-12-09,IMG_W00015,True
W00016,MP023,Karnataka,Hubli,2023-24,Drinking water - borewell,"Drinking water - borewell at ward 33, Hubli",IA033,V032,484000,103000,96000,20,in_progress,2023-06-03,2023-07-06,2023-07-23,2023-08-30,,,False
W00017,MP023,Tamil Nadu,Madurai,2025-26,CC road / paver block,"CC road / paver block at ward 25, Madurai",IA006,V037,1203000,656000,497000,58,in_progress,2024-11-06,2024-12-13,2025-01-01,2025-01-31,,,False
W00018,MP014,Tamil Nadu,Madurai,2025-26,Public toilet block,"Public toilet block at ward 27, Madurai",IA030,V002,684000,469000,334000,68,in_progress,2024-04-28,2024-06-20,2024-07-25,2024-11-12,,,False
W00019,MP004,Tamil Nadu,Trichy,2024-25,School classroom block,"School classroom block at ward 8, Trichy",IA034,V051,2677000,2503000,2359000,100,completed,2023-09-14,2023-11-06,2023-12-19,2024-03-25,2024-07-09,IMG_W00019,True
W00020,MP013,Maharashtra,Nashik,2023-24,CC road / paver block,"CC road / paver block at ward 2, Nashik",IA022,V054,2123000,1505000,1403000,80,in_progress,2023-12-26,2024-01-30,2024-03-03,2024-09-17,,,False
W00021,MP025,Tamil Nadu,Chennai,2025-26,Public toilet block,"Public toilet block at ward 33, Chennai",IA034,V046,869000,0,0,0,sanctioned,2025-09-01,2025-11-21,,,,,False
W00022,MP020,Tamil Nadu,Chennai,2025-26,CC road / paver block,"CC road / paver block at ward 26, Chennai",IA017,V024,2369000,2167000,2073000,100,completed,2023-08-02,2023-09-12,2023-10-17,2024-03-11,2024-02-17,IMG_W00022,True
W00023,MP022,Maharashtra,Thane,2025-26,CC road / paver block,"CC road / paver block at ward 31, Thane",IA010,V042,1251000,1296000,1276000,100,completed,2023-10-30,2024-01-12,2024-02-14,2024-08-10,2024-10-24,IMG_W00023,True
W00024,MP006,Tamil Nadu,Chennai,2023-24,Public toilet block,"Public toilet block at ward 18, Chennai",IA013,V010,799000,0,0,0,sanctioned,2025-11-13,2026-01-19,,,,,False
W00025,MP010,Maharashtra,Nashik,2023-24,Solar street lights,"Solar street lights at ward 18, Nashik",IA031,V052,789000,1800000,768000,100,completed,2025-01-25,2025-04-02,2025-04-25,2025-07-19,2026-02-06,IMG_W00025,True
W00026,MP019,Tamil Nadu,Trichy,2025-26,Culvert / drainage,"Culvert / drainage at ward 36, Trichy",IA002,V031,587000,600000,565000,100,completed,2025-12-02,2026-02-14,2026-03-20,2026-08-16,2026-07-10,IMG_W00026,True
W00027,MP020,Maharashtra,Pune,2025-26,Public toilet block,"Public toilet block at ward 3, Pune",IA017,V011,929000,283000,271000,28,in_progress,2023-07-07,2023-09-24,2023-10-17,2024-01-02,,,False
W00028,MP001,Karnataka,Mysuru,2023-24,e-Library,"e-Library at ward 22, Mysuru",IA022,V028,636000,194000,615000,25,in_progress,2024-04-19,2024-06-10,2024-07-09,2024-11-02,,,False
W00029,MP015,Karnataka,Bengaluru,2025-26,Solar street lights,"Solar street lights at ward 17, Bengaluru",IA007,V034,633000,492000,425000,82,in_progress,2023-08-19,2023-09-22,2023-10-28,2023-12-25,,,False
W00030,MP016,Maharashtra,Nashik,2025-26,Public toilet block,"Public toilet block at ward 23, Nashik",IA004,V046,436000,203000,200000,53,in_progress,2025-01-15,2025-03-20,2025-04-20,2025-11-06,,,False
W00031,MP014,Maharashtra,Nagpur,2025-26,Community hall,"Community hall at ward 20, Nagpur",IA012,V030,1537000,1056000,1034000,78,in_progress,2023-09-17,2023-11-27,2024-01-04,2024-07-04,,,False
W00032,MP002,Karnataka,Mysuru,2023-24,CC road / paver block,"CC road / paver block at ward 3, Mysuru",IA031,V033,715000,687000,658000,100,completed,2024-10-01,2024-11-06,2024-11-29,2025-04-06,2025-04-07,IMG_W00032,True
W00033,MP022,Maharashtra,Nashik,2023-24,Culvert / drainage,"Culvert / drainage at ward 37, Nashik",IA027,V012,2498984,2310000,1316000,100,completed,2024-05-28,2024-07-06,2024-07-29,2024-09-22,2025-02-25,IMG_W00033,True
W00034,MP012,Maharashtra,Thane,2024-25,Community hall,"Community hall at ward 2, Thane",IA029,V058,2776000,2581000,2373000,100,completed,2025-06-27,2025-09-01,2025-09-21,2025-12-24,2026-01-10,IMG_W00034,True
W00035,MP025,Karnataka,Belagavi,2025-26,Public toilet block,"Public toilet block at ward 15, Belagavi",IA032,V012,982000,612000,551000,58,in_progress,2023-07-07,2023-09-21,2023-10-26,2023-12-22,,,False
W00036,MP005,Maharashtra,Thane,2023-24,Solar street lights,"Solar street lights at ward 30, Thane",IA006,V040,295000,253000,240000,100,completed,2025-11-14,2025-12-21,2026-01-23,2026-08-09,2026-06-04,IMG_W00036,True
W00037,MP025,Karnataka,Mysuru,2023-24,CC road / paver block,"CC road / paver block at ward 6, Mysuru",IA022,V052,1497000,1374000,1282000,100,completed,2024-06-08,2024-07-13,2024-08-24,2025-02-23,2025-05-25,IMG_W00037,True
W00038,MP018,Tamil Nadu,Salem,2024-25,Solar street lights,"Solar street lights at ward 14, Salem",IA032,V020,514000,441000,400000,100,completed,2023-06-22,2023-08-16,2023-09-15,2023-11-01,2024-03-14,IMG_W00038,True
W00039,MP007,Karnataka,Hubli,2024-25,Public toilet block,"Public toilet block at ward 24, Hubli",IA010,V055,344000,168000,136000,52,in_progress,2025-10-03,2025-12-10,2026-01-06,2026-02-05,,,False
W00040,MP016,Maharashtra,Nagpur,2023-24,Community hall,"Community hall at ward 4, Nagpur",IA002,V026,1628000,1515000,1389000,100,completed,2023-06-11,2023-07-18,2023-08-21,2024-01-11,2023-12-02,IMG_W00040,True
W00041,MP006,Karnataka,Bengaluru,2024-25,Drinking water - borewell,"Drinking water - borewell at ward 40, Bengaluru",IA008,V023,344000,326000,323000,100,completed,2023-08-02,2023-09-07,2023-10-04,2023-12-21,2024-04-02,IMG_W00041,True
W00042,MP001,Maharashtra,Nashik,2024-25,School classroom block,"School classroom block at ward 23, Nashik",IA021,V006,3449000,0,0,0,sanctioned,2024-12-07,2025-01-21,,,,,False
W00043,MP021,Tamil Nadu,Salem,2025-26,CC road / paver block,"CC road / paver block at ward 22, Salem",IA013,V058,1685000,1442000,1311000,100,completed,2023-12-14,2024-01-15,2024-02-14,2024-05-02,2024-04-27,IMG_W00043,True
W00044,MP018,Karnataka,Belagavi,2025-26,Drinking water - borewell,"Drinking water - borewell at ward 26, Belagavi",IA012,V054,429000,262000,206000,70,in_progress,2024-05-29,2024-07-30,2024-08-26,2024-12-19,,,False
W00045,MP024,Maharashtra,Nashik,2025-26,Community hall,"Community hall at ward 25, Nashik",IA032,V003,2088000,1871000,1830000,100,completed,2024-09-24,2024-11-10,2024-12-21,2025-05-29,2025-04-03,IMG_W00045,True
W00046,MP015,Maharashtra,Pune,2024-25,Public toilet block,"Public toilet block at ward 22, Pune",IA024,V001,274000,82000,72000,32,in_progress,2025-04-29,2025-07-24,2025-08-27,2025-10-08,,,False
W00047,MP005,Tamil Nadu,Salem,2025-26,CC road / paver block,"CC road / paver block at ward 1, Salem",IA008,V015,1177000,1106000,1086000,100,completed,2023-08-02,2023-10-15,2023-10-31,2024-05-13,2024-02-07,IMG_W00047,True
W00048,MP006,Tamil Nadu,Trichy,2025-26,e-Library,"e-Library at ward 6, Trichy",IA003,V053,1257000,0,0,0,sanctioned,2024-12-31,2025-03-21,,,,,False
W00049,MP004,Tamil Nadu,Trichy,2025-26,Drinking water - borewell,"Drinking water - borewell at ward 32, Trichy",IA023,V026,715000,743000,688000,100,completed,2023-11-25,2024-01-19,2024-02-10,2024-08-15,2024-11-07,IMG_W00049,True
W00050,MP018,Karnataka,Hubli,2025-26,e-Library,"e-Library at ward 24, Hubli",IA028,V051,809000,763000,742000,100,completed,2023-09-22,2023-11-13,2023-12-04,2024-01-21,2024-06-05,IMG_W00050,True
W00051,MP015,Tamil Nadu,Madurai,2025-26,Drinking water - borewell,"Drinking water - borewell at ward 35, Madurai",IA027,V024,401000,578000,321000,100,completed,2023-07-15,2023-09-29,2023-10-20,2024-04-23,2024-07-29,IMG_W00051,True
W00052,MP001,Karnataka,Hubli,2025-26,Public toilet block,"Public toilet block at ward 10, Hubli",IA019,V033,998000,0,0,0,sanctioned,2024-04-10,2024-05-21,,,,,False
W00053,MP004,Maharashtra,Pune,2024-25,Public toilet block,"Public toilet block at ward 20, Pune",IA027,V029,232000,124000,88000,55,in_progress,2024-07-10,2024-09-25,2024-11-04,2025-01-09,,,False
W00054,MP016,Tamil Nadu,Coimbatore,2025-26,Public toilet block,"Public toilet block at ward 35, Coimbatore",IA015,V024,810000,603000,581000,68,in_progress,2024-06-22,2024-08-18,2024-09-11,2025-02-06,,,False
W00055,MP005,Karnataka,Bengaluru,2025-26,Public toilet block,"Public toilet block at ward 2, Bengaluru",IA011,V004,499000,507000,494000,100,completed,2025-04-06,2025-05-06,2025-05-25,2025-11-06,2026-01-01,IMG_W00055,True
W00056,MP004,Karnataka,Belagavi,2024-25,Culvert / drainage,"Culvert / drainage at ward 20, Belagavi",IA017,V016,1475000,1308000,1179000,100,completed,2024-09-21,2024-12-13,2024-12-29,2025-06-16,2025-07-31,IMG_W00056,True
W00057,MP017,Maharashtra,Nashik,2024-25,Culvert / drainage,"Culvert / drainage at ward 36, Nashik",IA009,V018,353000,344000,333000,100,completed,2025-08-05,2025-09-12,2025-10-20,2026-03-04,2026-07-01,IMG_W00057,True
W00058,MP006,Tamil Nadu,Chennai,2024-25,Public toilet block,"Public toilet block at ward 12, Chennai",IA005,V044,714000,538000,484000,78,in_progress,2025-12-20,2026-02-14,2026-03-12,2026-09-19,,,False
W00059,MP017,Maharashtra,Pune,2023-24,e-Library,"e-Library at ward 27, Pune",IA032,V055,1661000,1504000,1392000,100,completed,2024-12-28,2025-02-05,2025-03-10,2025-05-14,2025-07-28,IMG_W00059,True
W00060,MP012,Maharashtra,Nashik,2023-24,Drinking water - borewell,"Drinking water - borewell at ward 33, Nashik",IA032,V058,390000,693000,311000,100,completed,2025-08-16,2025-09-21,2025-10-19,2025-12-07,2026-06-07,IMG_W00060,True
W00061,MP002,Karnataka,Belagavi,2024-25,Community hall,"Community hall at ward 21, Belagavi",IA040,V026,2962000,0,0,0,sanctioned,2024-09-09,2024-10-12,,,,,False
W00062,MP004,Maharashtra,Nashik,2025-26,Drinking water - borewell,"Drinking water - borewell at ward 8, Nashik",IA001,V019,279000,292000,265000,100,completed,2023-07-12,2023-09-27,2023-10-14,2024-03-26,2024-06-08,,False
W00063,MP023,Karnataka,Hubli,2024-25,Public toilet block,"Public toilet block at ward 26, Hubli",IA001,V010,414000,356000,329000,100,completed,2023-06-13,2023-07-22,2023-09-03,2023-11-17,2024-04-30,IMG_W00063,True
W00064,MP013,Tamil Nadu,Coimbatore,2023-24,School classroom block,"School classroom block at ward 2, Coimbatore",IA027,V007,2497454,2407000,425000,38,in_progress,2025-07-19,2025-09-11,2025-10-20,2026-03-09,,,False
W00065,MP008,Tamil Nadu,Coimbatore,2023-24,School classroom block,"School classroom block at ward 23, Coimbatore",IA035,V058,1143000,1181000,1072000,100,completed,2023-04-04,2023-07-03,2023-07-29,2023-12-28,2023-11-02,IMG_W00065,True
W00066,MP015,Maharashtra,Nashik,2023-24,Public toilet block,"Public toilet block at ward 35, Nashik",IA030,V054,217000,217000,212000,100,completed,2025-10-26,2025-12-24,2026-01-25,2026-05-13,2026-08-10,IMG_W00066,True
W00067,MP006,Maharashtra,Nashik,2023-24,Community hall,"Community hall at ward 37, Nashik",IA001,V011,1902000,725000,690000,41,in_progress,2023-04-28,2023-07-05,2023-07-21,2024-01-24,,,False
W00068,MP012,Karnataka,Belagavi,2025-26,School classroom block,"School classroom block at ward 21, Belagavi",IA038,V023,1050000,985000,901000,100,completed,2025-07-21,2025-09-09,2025-10-08,2026-03-31,2026-04-15,IMG_W00068,True
W00069,MP005,Karnataka,Belagavi,2024-25,School classroom block,"School classroom block at ward 22, Belagavi",IA035,V051,1292000,641000,514000,48,in_progress,2025-08-06,2025-09-23,2025-10-21,2026-03-15,,,False
W00070,MP003,Maharashtra,Thane,2024-25,Drinking water - borewell,"Drinking water - borewell at ward 33, Thane",IA014,V004,242000,247000,242000,100,completed,2023-07-31,2023-10-23,2023-11-19,2024-02-11,2024-04-25,IMG_W00070,True
W00071,MP019,Tamil Nadu,Salem,2024-25,e-Library,"e-Library at ward 10, Salem",IA021,V015,1567000,1426000,1355000,100,completed,2024-11-11,2025-01-03,2025-02-16,2025-04-13,2025-09-30,IMG_W00071,True
W00072,MP018,Tamil Nadu,Trichy,2024-25,Drinking water - borewell,"Drinking water - borewell at ward 24, Trichy",IA014,V029,284000,260000,241000,100,completed,2023-04-15,2023-06-18,2023-07-26,2023-11-13,2024-05-16,IMG_W00072,True
W00073,MP013,Maharashtra,Thane,2023-24,Solar street lights,"Solar street lights at ward 32, Thane",IA012,V031,507000,281000,207000,56,in_progress,2023-05-14,2023-07-10,2023-07-25,2023-11-21,,,False
W00074,MP003,Tamil Nadu,Salem,2024-25,Solar street lights,"Solar street lights at ward 21, Salem",IA005,V055,534000,521000,503000,100,completed,2024-08-25,2024-09-30,2024-11-04,2024-12-25,2025-07-12,IMG_W00074,True
W00075,MP021,Karnataka,Hubli,2025-26,CC road / paver block,"CC road / paver block at ward 2, Hubli",IA033,V034,2153000,2010000,1926000,100,completed,2024-07-13,2024-09-22,2024-10-19,2024-12-01,2025-01-09,IMG_W00075,True
W00076,MP017,Tamil Nadu,Coimbatore,2023-24,Public toilet block,"Public toilet block at ward 13, Coimbatore",IA037,V020,859000,0,0,0,sanctioned,2024-08-24,2024-10-15,,,,,False
W00077,MP010,Karnataka,Mysuru,2025-26,Culvert / drainage,"Culvert / drainage at ward 13, Mysuru",IA032,V056,1044000,1048000,1039000,100,completed,2025-12-26,2026-02-07,2026-03-08,2026-07-26,2026-05-22,IMG_W00077,True
W00078,MP008,Tamil Nadu,Salem,2024-25,CC road / paver block,"CC road / paver block at ward 24, Salem",IA025,V015,2356000,2399000,2235000,100,completed,2023-09-15,2023-11-15,2023-12-07,2024-01-20,2024-05-13,IMG_W00078,True
W00079,MP015,Karnataka,Belagavi,2023-24,School classroom block,"School classroom block at ward 37, Belagavi",IA011,V016,943000,0,0,0,sanctioned,2025-05-27,2025-07-09,,,,,False
W00080,MP006,Karnataka,Mysuru,2025-26,Solar street lights,"Solar street lights at ward 20, Mysuru",IA029,V024,758000,680000,659000,100,completed,2025-10-19,2025-12-26,2026-01-27,2026-07-29,2026-07-14,IMG_W00080,True
W00081,MP012,Maharashtra,Thane,2024-25,Public toilet block,"Public toilet block at ward 40, Thane",IA031,V049,214000,204000,192000,100,completed,2024-07-23,2024-09-15,2024-10-26,2025-03-29,2025-05-02,IMG_W00081,True
W00082,MP015,Maharashtra,Thane,2024-25,Culvert / drainage,"Culvert / drainage at ward 32, Thane",IA003,V038,1337000,1222000,1142000,100,completed,2023-08-31,2023-10-30,2023-12-04,2024-02-10,2024-06-19,IMG_W00082,True
W00083,MP024,Maharashtra,Pune,2024-25,School classroom block,"School classroom block at ward 28, Pune",IA031,V024,2377000,1312000,1307000,56,in_progress,2025-08-28,2025-11-25,2025-12-10,2026-06-01,,,False
W00084,MP007,Tamil Nadu,Madurai,2024-25,Solar street lights,"Solar street lights at ward 36, Madurai",IA037,V024,572000,499000,477000,100,completed,2024-12-05,2025-01-15,2025-02-16,2025-07-15,2025-07-26,IMG_W00084,True
W00085,MP003,Maharashtra,Thane,2024-25,Solar street lights,"Solar street lights at ward 18, Thane",IA021,V015,274000,84000,272000,15,in_progress,2025-01-11,2025-03-14,2025-04-08,2025-07-17,,,False
W00086,MP022,Tamil Nadu,Coimbatore,2023-24,CC road / paver block,"CC road / paver block at ward 16, Coimbatore",IA017,V051,1453000,1311000,1306000,100,completed,2023-08-14,2023-10-19,2023-11-27,2024-02-16,2024-06-04,IMG_W00086,True
W00087,MP009,Tamil Nadu,Chennai,2025-26,Community hall,"Community hall at ward 9, Chennai",IA024,V058,3252000,3061000,3053000,100,completed,2024-06-12,2024-07-22,2024-08-07,2025-01-09,2025-03-25,IMG_SHARED_1888,True
W00088,MP007,Maharashtra,Thane,2023-24,e-Library,"e-Library at ward 33, Thane",IA014,V055,886000,1670000,805000,100,completed,2023-04-17,2023-05-27,2023-06-24,2023-07-24,2024-02-02,IMG_W00088,True
W00089,MP018,Tamil Nadu,Trichy,2024-25,Culvert / drainage,"Culvert / drainage at ward 39, Trichy",IA011,V017,543000,568000,553000,100,completed,2024-11-06,2025-01-22,2025-02-15,2025-04-15,2025-05-24,IMG_SHARED_2047,True
W00090,MP003,Maharashtra,Pune,2024-25,Community hall,"Community hall at ward 27, Pune",IA027,V001,2498330,2267000,877000,86,in_progress,2025-11-13,2025-12-29,2026-01-18,2026-02-17,,,False
W00091,MP008,Karnataka,Belagavi,2023-24,Culvert / drainage,"Culvert / drainage at ward 23, Belagavi",IA014,V015,422000,248000,213000,69,in_progress,2025-09-15,2025-11-24,2025-12-16,2026-05-10,,,False
W00092,MP010,Karnataka,Hubli,2023-24,CC road / paver block,"CC road / paver block at ward 2, Hubli",IA026,V002,1291000,0,0,0,sanctioned,2024-01-05,2024-03-17,,,,,False
W00093,MP017,Maharashtra,Nashik,2025-26,Solar street lights,"Solar street lights at ward 28, Nashik",IA020,V052,297000,268000,262000,100,completed,2025-10-13,2025-12-24,2026-02-05,2026-04-29,2026-10-11,IMG_W00093,True
W00094,MP017,Karnataka,Bengaluru,2024-25,School classroom block,"School classroom block at ward 8, Bengaluru",IA005,V032,3302000,3218000,3037000,100,completed,2023-09-05,2023-11-07,2023-11-27,2024-03-29,2024-03-23,IMG_W00094,True
W00095,MP010,Tamil Nadu,Salem,2024-25,Drinking water - borewell,"Drinking water - borewell at ward 32, Salem",IA020,V050,207000,176000,171000,100,completed,2024-04-07,2024-05-10,2024-06-05,2024-09-18,2025-01-23,IMG_W00095,True
W00096,MP005,Karnataka,Bengaluru,2025-26,e-Library,"e-Library at ward 11, Bengaluru",IA006,V044,1946000,2029000,1865000,100,completed,2023-06-21,2023-09-06,2023-10-03,2024-03-11,2024-04-15,IMG_W00096,True
W00097,MP014,Karnataka,Bengaluru,2024-25,Culvert / drainage,"Culvert / drainage at ward 22, Bengaluru",IA039,V002,1112000,0,0,0,sanctioned,2024-09-18,2024-11-22,,,,,False
W00098,MP014,Karnataka,Belagavi,2024-25,Public toilet block,"Public toilet block at ward 13, Belagavi",IA022,V039,790000,746000,691000,100,completed,2024-05-20,2024-07-30,2024-08-22,2025-01-21,2025-04-29,IMG_W00098,True
W00099,MP019,Maharashtra,Pune,2025-26,e-Library,"e-Library at ward 22, Pune",IA025,V028,862000,750000,688000,100,completed,2025-11-18,2026-01-03,2026-01-31,2026-06-17,2026-11-13,IMG_W00099,True
W00100,MP020,Maharashtra,Thane,2024-25,Culvert / drainage,"Culvert / drainage at ward 31, Thane",IA031,V025,1385000,2797000,1209000,100,completed,2023-04-16,2023-06-26,2023-07-24,2023-09-18,2024-03-26,IMG_SHARED_8978,True
W00101,MP004,Maharashtra,Nagpur,2023-24,Public toilet block,"Public toilet block at ward 7, Nagpur",IA039,V014,516000,223000,169000,40,in_progress,2025-05-20,2025-08-10,2025-08-29,2026-02-06,,,False
W00102,MP001,Maharashtra,Nagpur,2024-25,e-Library,"e-Library at ward 36, Nagpur",IA002,V038,1153000,1030000,1012000,100,completed,2024-12-11,2025-01-30,2025-03-06,2025-08-14,2025-08-26,IMG_W00102,True
W00103,MP024,Maharashtra,Thane,2023-24,Solar street lights,"Solar street lights at ward 22, Thane",IA036,V020,882000,765000,756000,100,completed,2023-07-23,2023-10-16,2023-11-30,2024-02-26,2024-04-23,IMG_W00103,True
W00104,MP007,Maharashtra,Thane,2024-25,Drinking water - borewell,"Drinking water - borewell at ward 10, Thane",IA023,V014,504000,513000,510000,100,completed,2025-01-25,2025-02-28,2025-04-09,2025-08-05,2025-08-11,IMG_W00104,True
W00105,MP007,Karnataka,Hubli,2024-25,School classroom block,"School classroom block at ward 14, Hubli",IA020,V023,952000,0,0,0,sanctioned,2025-01-22,2025-03-11,,,,,False
W00106,MP004,Maharashtra,Pune,2023-24,CC road / paver block,"CC road / paver block at ward 12, Pune",IA021,V023,1344000,902000,842000,64,in_progress,2023-08-07,2023-10-23,2023-11-10,2024-05-05,,,False
W00107,MP025,Tamil Nadu,Madurai,2025-26,Drinking water - borewell,"Drinking water - borewell at ward 29, Madurai",IA011,V031,268000,257000,242000,100,completed,2025-01-10,2025-02-27,2025-03-14,2025-08-04,2025-09-14,IMG_W00107,True
W00108,MP011,Maharashtra,Thane,2024-25,Public toilet block,"Public toilet block at ward 37, Madurai",IA034,V059,422000,202000,164000,45,in_progress,2024-10-05,2024-12-20,2025-01-04,2025-06-22,,,False
W00109,MP003,Tamil Nadu,Salem,2024-25,CC road / paver block,"CC road / paver block at ward 35, Salem",IA001,V054,1931000,2020000,1841000,100,completed,2023-06-29,2023-09-14,2023-10-24,2024-02-11,2024-02-27,IMG_W00109,True
W00110,MP021,Tamil Nadu,Trichy,2025-26,Drinking water - borewell,"Drinking water - borewell at ward 6, Trichy",IA007,V058,790000,773000,735000,100,completed,2024-12-05,2025-02-23,2025-03-10,2025-07-29,2025-09-03,IMG_W00110,True
W00111,MP011,Tamil Nadu,Chennai,2025-26,School classroom block,"School classroom block at ward 29, Chennai",IA040,V020,1025000,1035000,937000,100,completed,2024-04-20,2024-05-27,2024-06-27,2024-09-19,2025-04-10,IMG_W00111,True
W00112,MP005,Tamil Nadu,Trichy,2025-26,Drinking water - borewell,"Drinking water - borewell at ward 20, Trichy",IA019,V005,330000,289000,285000,100,completed,2024-12-22,2025-02-23,2025-03-23,2025-08-20,2025-11-09,IMG_W00112,True
W00113,MP010,Maharashtra,Nashik,2024-25,Public toilet block,"Public toilet block at ward 5, Nashik",IA012,V060,845000,872000,832000,100,completed,2024-09-20,2024-11-11,2024-12-20,2025-03-03,2025-08-29,IMG_W00113,True
W00114,MP015,Maharashtra,Thane,2023-24,e-Library,"e-Library at ward 30, Thane",IA034,V043,1948000,1976000,1960000,100,completed,2025-09-27,2025-10-27,2025-11-30,2026-04-02,2026-08-04,IMG_W00114,True
W00115,MP015,Maharashtra,Thane,2024-25,Solar street lights,"Solar street lights at ward 11, Thane",IA013,V055,786000,0,0,0,sanctioned,2023-05-08,2023-07-29,,,,,False
W00116,MP007,Karnataka,Mysuru,2025-26,School classroom block,"School classroom block at ward 7, Mysuru",IA001,V021,801000,713000,710000,100,completed,2025-01-15,2025-02-21,2025-03-17,2025-10-01,2025-08-18,IMG_W00116,True
W00117,MP007,Maharashtra,Thane,2025-26,Culvert / drainage,"Culvert / drainage at ward 3, Bengaluru",IA034,V059,1240000,1168000,1117000,100,completed,2024-12-22,2025-02-20,2025-03-17,2025-05-02,2025-07-16,IMG_W00117,True
W00118,MP018,Karnataka,Bengaluru,2023-24,Community hall,"Community hall at ward 1, Bengaluru",IA035,V015,1113000,967000,953000,100,completed,2025-08-01,2025-09-30,2025-11-06,2026-05-17,2026-05-15,IMG_W00118,True
W00119,MP001,Maharashtra,Nashik,2025-26,Solar street lights,"Solar street lights at ward 40, Nashik",IA006,V059,412000,262000,195000,64,in_progress,2024-10-25,2024-11-27,2024-12-26,2025-05-08,,,False
W00120,MP025,Karnataka,Belagavi,2023-24,Culvert / drainage,"Culvert / drainage at ward 5, Belagavi",IA028,V003,448000,993000,411000,100,completed,2025-04-23,2025-06-17,2025-07-24,2025-12-09,2026-05-04,IMG_W00120,True
W00121,MP012,Tamil Nadu,Salem,2025-26,Culvert / drainage,"Culvert / drainage at ward 23, Salem",IA019,V040,1355000,680000,549000,49,in_progress,2025-07-29,2025-10-14,2025-11-28,2026-04-05,,,False
W00122,MP006,Tamil Nadu,Madurai,2024-25,Drinking water - borewell,"Drinking water - borewell at ward 17, Madurai",IA025,V049,347000,313000,483000,100,completed,2024-12-27,2025-03-04,2025-04-14,2025-09-04,2026-01-22,IMG_W00122,True
W00123,MP005,Tamil Nadu,Salem,2025-26,CC road / paver block,"CC road / paver block at ward 23, Salem",IA034,V005,921000,642000,518000,66,in_progress,2024-10-11,2024-12-21,2025-01-22,2025-06-12,,,False
W00124,MP009,Karnataka,Belagavi,2024-25,Solar street lights,"Solar street lights at ward 16, Belagavi",IA008,V048,295000,209000,160000,70,in_progress,2025-07-20,2025-09-21,2025-10-13,2026-04-11,,,False
W00125,MP024,Maharashtra,Pune,2025-26,e-Library,"e-Library at ward 9, Pune",IA017,V059,1779000,1794000,1726000,100,completed,2025-09-07,2025-10-26,2025-11-29,2026-01-30,2026-04-29,IMG_W00125,True
W00126,MP019,Maharashtra,Thane,2025-26,School classroom block,"School classroom block at ward 32, Thane",IA004,V036,2214000,3300000,2209000,100,completed,2024-05-13,2024-06-24,2024-08-04,2024-09-06,2025-01-01,IMG_W00126,True
W00127,MP015,Tamil Nadu,Trichy,2025-26,e-Library,"e-Library at ward 8, Trichy",IA017,V035,972000,637000,558000,65,in_progress,2023-11-24,2024-01-05,2024-01-22,2024-04-25,,,False
W00128,MP005,Tamil Nadu,Trichy,2023-24,Culvert / drainage,"Culvert / drainage at ward 40, Trichy",IA015,V042,634000,322000,286000,51,in_progress,2024-10-26,2024-11-28,2024-12-15,2025-01-14,,,False
W00129,MP014,Tamil Nadu,Madurai,2023-24,Community hall,"Community hall at ward 7, Madurai",IA003,V006,2600000,2415000,2295000,100,completed,2023-05-24,2023-08-14,2023-09-08,2024-01-13,2023-12-30,IMG_W00129,True
W00130,MP016,Maharashtra,Nagpur,2024-25,Community hall,"Community hall at ward 26, Nagpur",IA004,V057,2334000,2147000,3219000,100,completed,2025-06-18,2025-07-27,2025-08-18,2026-02-28,2025-12-13,IMG_W00130,True
W00131,MP018,Maharashtra,Nashik,2024-25,CC road / paver block,"CC road / paver block at ward 14, Nashik",IA036,V050,1781000,1735000,1639000,100,completed,2023-05-26,2023-08-18,2023-09-07,2023-11-10,2024-06-07,IMG_W00131,True
W00132,MP009,Karnataka,Bengaluru,2023-24,Public toilet block,"Public toilet block at ward 9, Bengaluru",IA030,V052,400000,350000,349000,100,completed,2025-06-22,2025-08-05,2025-09-10,2026-02-22,2026-06-23,IMG_W00132,True
W00133,MP011,Maharashtra,Thane,2025-26,CC road / paver block,"CC road / paver block at ward 22, Thane",IA031,V059,2165000,2216000,2031000,100,completed,2023-11-29,2023-12-30,2024-02-08,2024-05-08,2024-05-22,IMG_W00133,True
W00134,MP022,Tamil Nadu,Chennai,2025-26,Culvert / drainage,"Culvert / drainage at ward 40, Chennai",IA031,V041,1011000,1050000,978000,100,completed,2023-07-01,2023-08-16,2023-09-03,2023-12-14,2023-11-08,IMG_W00134,True
W00135,MP018,Maharashtra,Thane,2025-26,Drinking water - borewell,"Drinking water - borewell at ward 25, Thane",IA010,V025,351000,337000,310000,100,completed,2025-05-05,2025-06-24,2025-08-03,2025-11-17,2026-02-27,IMG_W00135,True
W00136,MP024,Maharashtra,Nagpur,2025-26,Public toilet block,"Public toilet block at ward 36, Nagpur",IA021,V044,737000,0,0,0,sanctioned,2024-09-04,2024-10-08,,,,,False
W00137,MP022,Tamil Nadu,Coimbatore,2025-26,Solar street lights,"Solar street lights at ward 1, Coimbatore",IA016,V012,538000,507000,490000,100,completed,2024-06-13,2024-07-22,2024-08-28,2025-03-06,2025-04-20,IMG_W00137,True
W00138,MP020,Karnataka,Hubli,2025-26,e-Library,"e-Library at ward 21, Hubli",IA007,V006,1614000,1469000,1382000,100,completed,2024-09-03,2024-10-08,2024-11-14,2025-05-17,2025-08-11,IMG_W00138,True
W00139,MP023,Karnataka,Hubli,2024-25,School classroom block,"School classroom block at ward 14, Hubli",IA029,V020,1061000,2249000,1049000,100,completed,2024-06-23,2024-09-16,2024-10-04,2025-02-08,2025-05-01,IMG_W00139,True
W00140,MP005,Maharashtra,Nashik,2023-24,CC road / paver block,"CC road / paver block at ward 25, Nashik",IA027,V029,775000,167000,138000,25,in_progress,2024-10-10,2025-01-03,2025-02-16,2025-03-21,,,False
W00141,MP021,Tamil Nadu,Coimbatore,2023-24,Community hall,"Community hall at ward 38, Coimbatore",IA018,V032,2933000,2827000,2801000,100,completed,2025-09-25,2025-12-04,2025-12-19,2026-04-20,2026-05-07,IMG_W00141,True
W00142,MP019,Tamil Nadu,Salem,2024-25,Drinking water - borewell,"Drinking water - borewell at ward 5, Salem",IA031,V041,728000,0,0,0,sanctioned,2023-05-13,2023-06-27,,,,,False
W00143,MP004,Karnataka,Bengaluru,2023-24,e-Library,"e-Library at ward 5, Bengaluru",IA008,V016,1774000,1836000,1817000,100,completed,2023-10-24,2023-12-08,2023-12-27,2024-06-02,2024-06-15,IMG_W00143,True
W00144,MP013,Maharashtra,Nashik,2023-24,Culvert / drainage,"Culvert / drainage at ward 21, Nashik",IA011,V058,835000,779000,775000,100,completed,2024-05-28,2024-07-27,2024-08-31,2024-12-01,2025-06-07,IMG_W00144,True
W00145,MP018,Maharashtra,Nashik,2024-25,CC road / paver block,"CC road / paver block at ward 40, Nashik",IA030,V034,2315000,2007000,1974000,100,completed,2024-07-25,2024-08-29,2024-10-10,2025-03-09,2025-01-11,IMG_W00145,True
W00146,MP017,Karnataka,Bengaluru,2023-24,Solar street lights,"Solar street lights at ward 10, Bengaluru",IA027,V022,2497569,2353000,216000,100,completed,2024-07-13,2024-08-23,2024-09-12,2025-03-07,2025-04-20,IMG_W00146,True
W00147,MP010,Maharashtra,Thane,2024-25,e-Library,"e-Library at ward 37, Coimbatore",IA034,V059,1578000,1430000,1331000,100,completed,2024-11-19,2025-02-14,2025-03-12,2025-08-26,2025-08-04,IMG_W00147,True
W00148,MP017,Maharashtra,Nagpur,2024-25,School classroom block,"School classroom block at ward 12, Nagpur",IA022,V043,2362000,2275000,2117000,100,completed,2023-10-05,2023-12-25,2024-01-12,2023-12-30,2024-07-11,IMG_W00148,True
W00149,MP017,Karnataka,Bengaluru,2024-25,School classroom block,"School classroom block at ward 39, Bengaluru",IA035,V034,808000,747000,692000,100,completed,2025-11-14,2026-01-26,2026-02-14,2026-06-04,2026-05-23,IMG_W00149,True
W00150,MP016,Karnataka,Hubli,2024-25,CC road / paver block,"CC road / paver block at ward 17, Hubli",IA021,V019,2081000,2176000,1985000,100,completed,2025-05-26,2025-08-18,2025-09-06,2025-10-10,2026-03-16,IMG_W00150,True
W00151,MP009,Karnataka,Bengaluru,2024-25,Drinking water - borewell,"Drinking water - borewell at ward 40, Bengaluru",IA028,V045,271000,273000,272000,100,completed,2025-06-22,2025-09-14,2025-10-15,2026-01-14,2026-04-08,IMG_W00151,True
W00152,MP006,Tamil Nadu,Chennai,2023-24,e-Library,"e-Library at ward 14, Chennai",IA039,V057,1747000,1584000,1576000,100,completed,2023-09-28,2023-10-29,2023-11-20,2024-01-09,2024-07-26,IMG_W00152,True
W00153,MP017,Tamil Nadu,Salem,2025-26,e-Library,"e-Library at ward 17, Salem",IA033,V023,1940000,0,0,0,sanctioned,2024-08-01,2024-09-05,,,,,False
W00154,MP022,Tamil Nadu,Coimbatore,2024-25,Solar street lights,"Solar street lights at ward 11, Coimbatore",IA027,V049,2494928,2274000,392000,77,in_progress,2025-04-12,2025-06-28,2025-08-08,2026-01-03,,,False
W00155,MP004,Karnataka,Bengaluru,2024-25,School classroom block,"School classroom block at ward 29, Bengaluru",IA019,V029,1980000,1831000,1666000,100,completed,2026-01-07,2026-02-22,2026-03-13,2026-08-25,2026-11-23,IMG_W00155,True
W00156,MP007,Maharashtra,Nashik,2025-26,School classroom block,"School classroom block at ward 24, Nashik",IA005,V041,942000,972000,966000,100,completed,2025-09-23,2025-11-01,2025-12-14,2026-05-14,2026-04-14,IMG_W00156,True
W00157,MP019,Maharashtra,Thane,2023-24,e-Library,"e-Library at ward 33, Thane",IA028,V033,923000,917000,889000,100,completed,2024-08-18,2024-10-10,2024-11-08,2025-05-19,2025-07-07,IMG_W00157,True
W00158,MP001,Maharashtra,Nagpur,2025-26,Community hall,"Community hall at ward 2, Nagpur",IA039,V029,3472000,3085000,2864000,100,completed,2025-10-22,2025-12-07,2026-01-02,2026-03-28,2026-05-24,IMG_W00158,True
W00159,MP024,Maharashtra,Nashik,2025-26,e-Library,"e-Library at ward 38, Nashik",IA013,V036,1907000,1887000,1763000,100,completed,2023-06-29,2023-09-23,2023-10-12,2024-04-16,2024-07-30,IMG_W00159,True
W00160,MP012,Maharashtra,Thane,2024-25,School classroom block,"School classroom block at ward 9, Thane",IA027,V058,2498660,2275000,2427000,11,in_progress,2025-01-20,2025-03-25,2025-04-29,2025-07-17,,,False
W00161,MP017,Maharashtra,Nagpur,2024-25,e-Library,"e-Library at ward 23, Nagpur",IA019,V060,1400000,1385000,1260000,100,completed,2023-11-06,2024-01-17,2024-02-15,2024-08-18,2024-08-08,IMG_W00161,True
W00162,MP001,Tamil Nadu,Madurai,2023-24,Community hall,"Community hall at ward 14, Madurai",IA020,V038,3477000,3015000,2969000,100,completed,2024-11-17,2025-01-19,2025-02-17,2025-06-08,2025-09-15,IMG_W00162,True
W00163,MP017,Maharashtra,Thane,2023-24,Solar street lights,"Solar street lights at ward 9, Thane",IA005,V060,602000,612000,598000,100,completed,2023-12-10,2024-03-09,2024-04-14,2024-07-01,2024-08-12,IMG_W00163,True
W00164,MP003,Karnataka,Mysuru,2023-24,Public toilet block,"Public toilet block at ward 25, Mysuru",IA002,V048,917000,849000,804000,100,completed,2023-04-24,2023-06-24,2023-07-11,2023-10-15,2024-04-24,IMG_W00164,True
W00165,MP012,Karnataka,Bengaluru,2024-25,CC road / paver block,"CC road / paver block at ward 16, Bengaluru",IA007,V036,1922000,1327000,1167000,74,in_progress,2023-04-07,2023-06-14,2023-07-07,2024-01-04,,,False
W00166,MP011,Maharashtra,Pune,2024-25,Public toilet block,"Public toilet block at ward 21, Pune",IA026,V039,404000,419000,404000,100,completed,2025-05-16,2025-08-06,2025-09-20,2026-01-07,2025-11-19,IMG_W00166,True
W00167,MP019,Karnataka,Belagavi,2025-26,Solar street lights,"Solar street lights at ward 23, Belagavi",IA014,V020,781000,681000,648000,100,completed,2025-08-05,2025-09-27,2025-11-07,2025-12-28,2026-06-06,IMG_W00167,True
W00168,MP021,Tamil Nadu,Chennai,2025-26,e-Library,"e-Library at ward 23, Chennai",IA024,V016,1310000,1270000,1270000,100,completed,2024-01-10,2024-03-19,2024-04-18,2024-09-01,2025-01-20,IMG_W00168,True
W00169,MP011,Maharashtra,Thane,2024-25,e-Library,"e-Library at ward 7, Thane",IA014,V034,796000,752000,734000,100,completed,2024-10-07,2024-12-24,2025-02-03,2025-03-20,2025-04-14,IMG_W00169,True
W00170,MP013,Karnataka,Belagavi,2024-25,Culvert / drainage,"Culvert / drainage at ward 40, Belagavi",IA019,V002,719000,548000,533000,75,in_progress,2025-10-25,2025-12-05,2026-01-01,2026-06-19,,,False
W00171,MP019,Karnataka,Bengaluru,2024-25,CC road / paver block,"CC road / paver block at ward 35, Bengaluru",IA033,V054,726000,655000,610000,82,in_progress,2024-07-19,2024-09-23,2024-11-05,2025-04-06,,,False
W00172,MP017,Maharashtra,Thane,2024-25,Drinking water - borewell,"Drinking water - borewell at ward 24, Thane",IA013,V058,206000,202000,190000,100,completed,2025-11-15,2026-01-28,2026-03-02,2026-06-20,2026-06-08,IMG_W00172,True
W00173,MP002,Tamil Nadu,Trichy,2023-24,e-Library,"e-Library at ward 17, Trichy",IA016,V045,1968000,1701000,1562000,100,completed,2025-09-14,2025-10-28,2025-12-04,2026-04-14,2026-08-25,IMG_W00173,True
W00174,MP022,Maharashtra,Pune,2023-24,CC road / paver block,"CC road / paver block at ward 31, Pune",IA018,V033,1070000,0,0,0,sanctioned,2024-07-18,2024-09-16,,,,,False
W00175,MP009,Tamil Nadu,Coimbatore,2024-25,Drinking water - borewell,"Drinking water - borewell at ward 15, Coimbatore",IA010,V041,295000,282000,256000,100,completed,2025-05-23,2025-06-23,2025-07-20,2025-08-25,2026-01-08,IMG_W00175,True
W00176,MP004,Maharashtra,Nashik,2025-26,Public toilet block,"Public toilet block at ward 24, Nashik",IA009,V002,872000,831000,801000,100,completed,2024-10-18,2024-11-20,2024-12-17,2025-06-10,2025-06-11,IMG_W00176,True
W00177,MP006,Tamil Nadu,Chennai,2024-25,School classroom block,"School classroom block at ward 40, Chennai",IA012,V054,3401000,3220000,3215000,100,completed,2025-08-16,2025-09-22,2025-10-24,2026-05-02,2026-06-07,IMG_W00177,True
W00178,MP013,Maharashtra,Thane,2024-25,Public toilet block,"Public toilet block at ward 22, Nashik",IA034,V059,906000,841000,759000,100,completed,2025-07-11,2025-08-26,2025-09-24,2026-02-16,2025-12-12,IMG_W00178,True
W00179,MP020,Tamil Nadu,Coimbatore,2025-26,CC road / paver block,"CC road / paver block at ward 12, Coimbatore",IA037,V011,1958000,1745000,1726000,100,completed,2025-11-08,2026-02-05,2026-02-23,2026-05-25,2026-06-18,IMG_W00179,True
W00180,MP020,Tamil Nadu,Madurai,2024-25,School classroom block,"School classroom block at ward 25, Madurai",IA027,V003,2495885,2403000,3520000,100,completed,2023-09-28,2023-12-03,2024-01-01,2024-06-17,2024-05-26,IMG_W00180,True
W00181,MP006,Karnataka,Bengaluru,2024-25,e-Library,"e-Library at ward 16, Bengaluru",IA038,V025,1106000,414000,307000,42,in_progress,2024-08-17,2024-09-21,2024-10-25,2024-12-20,,,False
W00182,MP015,Tamil Nadu,Madurai,2023-24,Solar street lights,"Solar street lights at ward 21, Madurai",IA036,V012,721000,415000,383000,58,in_progress,2025-08-04,2025-09-20,2025-10-26,2026-03-22,,,False
W00183,MP016,Maharashtra,Thane,2025-26,Community hall,"Community hall at ward 13, Thane",IA003,V038,2282000,1885000,1575000,84,in_progress,2025-06-21,2025-09-13,2025-10-22,2026-01-18,,,False
W00184,MP014,Tamil Nadu,Salem,2024-25,School classroom block,"School classroom block at ward 35, Salem",IA021,V047,1689000,1444000,1328000,100,completed,2025-12-29,2026-03-21,2026-04-16,2026-03-16,2026-10-24,IMG_SHARED_2047,True
W00185,MP005,Karnataka,Mysuru,2025-26,Culvert / drainage,"Culvert / drainage at ward 40, Mysuru",IA022,V013,1209000,667000,526000,64,in_progress,2024-11-24,2025-02-19,2025-03-09,2025-06-02,,,False
W00186,MP010,Maharashtra,Pune,2024-25,School classroom block,"School classroom block at ward 22, Pune",IA012,V048,1630000,787000,780000,46,in_progress,2023-04-24,2023-07-17,2023-08-27,2024-03-10,,,False
W00187,MP022,Karnataka,Belagavi,2024-25,Solar street lights,"Solar street lights at ward 29, Belagavi",IA025,V043,626000,554000,526000,100,completed,2026-01-15,2026-03-28,2026-05-03,2026-09-04,2026-12-13,IMG_W00187,True
W00188,MP002,Tamil Nadu,Chennai,2023-24,e-Library,"e-Library at ward 11, Chennai",IA019,V015,1207000,663000,600000,58,in_progress,2023-11-16,2024-02-01,2024-03-11,2024-08-28,,,False
W00189,MP023,Karnataka,Mysuru,2025-26,School classroom block,"School classroom block at ward 37, Mysuru",IA018,V051,3258000,1919000,1550000,56,in_progress,2024-05-04,2024-06-24,2024-07-14,2024-11-01,,,False
W00190,MP025,Maharashtra,Thane,2024-25,Public toilet block,"Public toilet block at ward 8, Hubli",IA034,V059,437000,200000,185000,42,in_progress,2023-12-06,2024-02-14,2024-03-27,2024-08-07,,,False
W00191,MP020,Maharashtra,Nagpur,2024-25,Culvert / drainage,"Culvert / drainage at ward 32, Nagpur",IA035,V007,395000,809000,364000,100,completed,2023-12-27,2024-02-07,2024-02-23,2024-02-09,2024-12-09,IMG_W00191,True
W00192,MP023,Tamil Nadu,Trichy,2025-26,Solar street lights,"Solar street lights at ward 19, Trichy",IA017,V042,256000,0,0,0,sanctioned,2024-12-31,2025-02-01,,,,,False
W00193,MP012,Karnataka,Mysuru,2025-26,Culvert / drainage,"Culvert / drainage at ward 38, Mysuru",IA030,V006,1117000,1005000,956000,100,completed,2024-01-05,2024-03-26,2024-05-08,2024-07-15,2024-12-22,IMG_W00193,True
W00194,MP006,Karnataka,Mysuru,2023-24,Solar street lights,"Solar street lights at ward 16, Mysuru",IA020,V056,353000,164000,115000,47,in_progress,2024-05-07,2024-06-06,2024-07-01,2024-08-24,,,False
W00195,MP003,Karnataka,Belagavi,2024-25,Solar street lights,"Solar street lights at ward 10, Belagavi",IA015,V050,251000,261000,254000,100,completed,2023-10-29,2024-01-09,2024-02-15,2024-08-02,2024-06-15,IMG_W00195,True
W00196,MP001,Tamil Nadu,Trichy,2025-26,School classroom block,"School classroom block at ward 8, Trichy",IA032,V057,1972000,1686000,1652000,100,completed,2025-08-03,2025-09-25,2025-10-10,2026-01-14,2026-05-31,IMG_W00196,True
W00197,MP016,Tamil Nadu,Salem,2024-25,Drinking water - borewell,"Drinking water - borewell at ward 38, Salem",IA021,V052,673000,202000,194000,31,in_progress,2023-08-08,2023-09-24,2023-10-16,2024-01-27,,,False
W00198,MP020,Maharashtra,Pune,2023-24,e-Library,"e-Library at ward 27, Pune",IA013,V011,1209000,1150000,1106000,100,completed,2025-12-09,2026-01-27,2026-02-13,2026-06-17,2026-10-03,IMG_W00198,True
W00199,MP001,Maharashtra,Nashik,2025-26,Public toilet block,"Public toilet block at ward 16, Nashik",IA011,V013,609000,519000,470000,100,completed,2025-01-09,2025-03-25,2025-04-28,2025-07-05,2025-10-02,IMG_W00199,True
W00200,MP006,Karnataka,Mysuru,2025-26,Drinking water - borewell,"Drinking water - borewell at ward 38, Mysuru",IA021,V033,712000,369000,318000,51,in_progress,2023-12-15,2024-01-29,2024-03-03,2024-05-13,,,False
W00201,MP013,Maharashtra,Thane,2025-26,CC road / paver block,"CC road / paver block at ward 29, Trichy",IA034,V059,739000,739000,718000,100,completed,2023-08-11,2023-10-12,2023-11-18,2024-03-09,2024-05-15,IMG_W00201,True
W00202,MP002,Tamil Nadu,Coimbatore,2024-25,CC road / paver block,"CC road / paver block at ward 5, Coimbatore",IA012,V027,760000,664000,656000,100,completed,2025-11-13,2026-01-12,2026-01-29,2026-07-05,2026-07-02,IMG_W00202,True
W00203,MP016,Karnataka,Belagavi,2024-25,Community hall,"Community hall at ward 28, Belagavi",IA006,V046,1235000,1069000,1027000,100,completed,2024-07-18,2024-09-20,2024-10-31,2025-02-23,2025-03-24,IMG_W00203,True
W00204,MP001,Karnataka,Mysuru,2024-25,Public toilet block,"Public toilet block at ward 35, Mysuru",IA018,V057,556000,220000,212000,38,in_progress,2023-11-22,2024-01-14,2024-02-27,2024-06-12,,,False
W00205,MP008,Karnataka,Hubli,2025-26,Culvert / drainage,"Culvert / drainage at ward 17, Hubli",IA001,V051,403000,0,0,0,sanctioned,2024-04-06,2024-05-12,,,,,False
W00206,MP010,Karnataka,Mysuru,2023-24,e-Library,"e-Library at ward 34, Mysuru",IA008,V023,1834000,1726000,1692000,100,completed,2026-01-16,2026-04-13,2026-05-05,2026-10-21,2026-09-07,IMG_W00206,True
W00207,MP019,Maharashtra,Thane,2025-26,Community hall,"Community hall at ward 8, Madurai",IA034,V059,1545000,583000,512000,44,in_progress,2025-04-22,2025-06-25,2025-07-31,2025-11-22,,,False
W00208,MP005,Maharashtra,Thane,2024-25,Public toilet block,"Public toilet block at ward 30, Belagavi",IA034,V059,557000,291000,220000,54,in_progress,2024-12-04,2025-02-15,2025-03-18,2025-06-08,,,False
W00209,MP012,Karnataka,Hubli,2023-24,Public toilet block,"Public toilet block at ward 14, Hubli",IA014,V043,283000,197000,193000,72,in_progress,2025-10-07,2025-11-29,2025-12-22,2026-03-21,,,False
W00210,MP020,Tamil Nadu,Madurai,2023-24,Community hall,"Community hall at ward 20, Madurai",IA019,V028,1909000,1992000,1795000,100,completed,2024-09-27,2024-11-28,2025-01-07,2025-05-08,2025-09-03,IMG_W00210,True
W00211,MP015,Tamil Nadu,Trichy,2024-25,School classroom block,"School classroom block at ward 5, Trichy",IA026,V037,3049000,2985000,2815000,100,completed,2025-08-24,2025-09-24,2025-10-31,2026-03-30,2026-06-20,IMG_W00211,True
W00212,MP006,Tamil Nadu,Salem,2025-26,Community hall,"Community hall at ward 28, Salem",IA016,V058,2441000,2399000,2205000,100,completed,2025-09-14,2025-10-21,2025-12-03,2026-04-05,2026-08-17,IMG_W00212,True
W00213,MP017,Tamil Nadu,Trichy,2023-24,Solar street lights,"Solar street lights at ward 40, Trichy",IA011,V028,347000,295000,266000,100,completed,2024-08-03,2024-09-12,2024-10-16,2024-11-25,2025-06-26,IMG_W00213,True
W00214,MP025,Maharashtra,Nashik,2023-24,CC road / paver block,"CC road / paver block at ward 15, Nashik",IA023,V027,503000,500000,462000,100,completed,2025-12-13,2026-01-20,2026-02-05,2026-01-19,2026-07-24,IMG_W00214,True
W00215,MP003,Tamil Nadu,Coimbatore,2025-26,Drinking water - borewell,"Drinking water - borewell at ward 31, Coimbatore",IA006,V039,245000,240000,235000,100,completed,2024-06-02,2024-07-28,2024-08-27,2024-12-26,2024-11-02,IMG_W00215,True
W00216,MP011,Karnataka,Bengaluru,2024-25,Culvert / drainage,"Culvert / drainage at ward 33, Bengaluru",IA031,V051,1296000,451000,334000,34,in_progress,2024-09-02,2024-10-15,2024-11-21,2025-03-15,,,False
W00217,MP002,Tamil Nadu,Coimbatore,2023-24,e-Library,"e-Library at ward 18, Coimbatore",IA008,V038,1545000,1598000,1497000,100,completed,2025-04-17,2025-07-01,2025-08-09,2025-10-31,2025-11-23,IMG_W00217,True
W00218,MP012,Karnataka,Hubli,2023-24,CC road / paver block,"CC road / paver block at ward 10, Hubli",IA028,V051,1265000,1157000,1127000,100,completed,2024-05-09,2024-07-07,2024-07-30,2025-02-13,2025-05-22,IMG_W00218,True
W00219,MP001,Maharashtra,Pune,2025-26,School classroom block,"School classroom block at ward 19, Pune",IA010,V055,1837000,1677000,1617000,83,in_progress,2025-05-08,2025-06-10,2025-07-22,2025-10-05,,,False
W00220,MP018,Karnataka,Bengaluru,2023-24,School classroom block,"School classroom block at ward 7, Bengaluru",IA019,V055,2174000,1611000,1280000,76,in_progress,2023-11-16,2024-01-22,2024-02-15,2024-03-22,,,False
W00221,MP017,Tamil Nadu,Coimbatore,2024-25,Culvert / drainage,"Culvert / drainage at ward 10, Coimbatore",IA022,V043,1318000,807000,757000,57,in_progress,2025-01-06,2025-03-04,2025-03-30,2025-05-30,,,False
W00222,MP004,Karnataka,Hubli,2024-25,Solar street lights,"Solar street lights at ward 4, Hubli",IA010,V027,659000,620000,568000,100,completed,2024-12-14,2025-02-11,2025-03-02,2025-09-17,2025-10-29,IMG_W00222,True
W00223,MP007,Tamil Nadu,Chennai,2024-25,CC road / paver block,"CC road / paver block at ward 19, Chennai",IA009,V044,1155000,1050000,984000,100,completed,2025-01-02,2025-02-07,2025-03-22,2025-05-01,2025-06-18,IMG_W00223,True
W00224,MP019,Maharashtra,Nagpur,2024-25,CC road / paver block,"CC road / paver block at ward 37, Nagpur",IA008,V023,991000,847000,1330000,100,completed,2023-08-10,2023-10-18,2023-11-14,2024-03-06,2024-03-11,IMG_W00224,True
W00225,MP016,Tamil Nadu,Salem,2025-26,e-Library,"e-Library at ward 4, Salem",IA019,V002,1660000,1349000,1323000,83,in_progress,2024-09-13,2024-11-17,2024-12-04,2025-02-05,,,False
W00226,MP025,Karnataka,Belagavi,2024-25,Culvert / drainage,"Culvert / drainage at ward 33, Belagavi",IA037,V021,631000,597000,576000,100,completed,2024-08-06,2024-10-28,2024-12-07,2025-01-07,2025-08-23,IMG_W00226,True
W00227,MP025,Karnataka,Mysuru,2024-25,Community hall,"Community hall at ward 25, Mysuru",IA018,V045,2932000,2800000,2689000,100,completed,2024-04-05,2024-06-30,2024-08-06,2025-01-02,2025-04-09,IMG_W00227,True
W00228,MP008,Karnataka,Hubli,2023-24,Public toilet block,"Public toilet block at ward 35, Hubli",IA014,V010,470000,462000,459000,100,completed,2023-12-28,2024-03-16,2024-04-14,2024-09-23,2024-11-25,IMG_W00228,True
W00229,MP009,Tamil Nadu,Salem,2024-25,e-Library,"e-Library at ward 11, Salem",IA017,V010,1362000,1336000,1233000,100,completed,2025-06-15,2025-09-07,2025-10-22,2026-03-10,2026-06-17,IMG_W00229,True
W00230,MP005,Karnataka,Bengaluru,2025-26,Solar street lights,"Solar street lights at ward 31, Bengaluru",IA032,V054,390000,360000,341000,100,completed,2023-07-06,2023-08-29,2023-09-21,2023-11-18,2024-02-08,IMG_W00230,True
W00231,MP010,Karnataka,Hubli,2025-26,Solar street lights,"Solar street lights at ward 18, Hubli",IA012,V011,260000,249000,230000,100,completed,2024-09-16,2024-12-10,2024-12-29,2025-02-08,2025-08-16,IMG_W00231,True
W00232,MP005,Karnataka,Belagavi,2023-24,Culvert / drainage,"Culvert / drainage at ward 24, Belagavi",IA003,V057,1282000,2379000,1282000,100,completed,2025-09-10,2025-10-30,2025-11-26,2026-03-10,2026-05-14,IMG_W00232,True
W00233,MP017,Karnataka,Bengaluru,2025-26,Public toilet block,"Public toilet block at ward 15, Bengaluru",IA037,V017,518000,493000,441000,90,in_progress,2024-08-01,2024-10-08,2024-11-16,2025-02-13,,,False
W00234,MP008,Maharashtra,Thane,2025-26,School classroom block,"School classroom block at ward 19, Thane",IA004,V024,1848000,1933000,1804000,100,completed,2024-09-26,2024-12-04,2025-01-05,2025-04-08,2025-06-02,IMG_W00234,True
W00235,MP022,Karnataka,Mysuru,2023-24,Culvert / drainage,"Culvert / drainage at ward 35, Mysuru",IA023,V002,454000,456000,421000,100,completed,2023-10-15,2023-12-07,2024-01-21,2024-06-15,2024-07-17,IMG_W00235,True
W00236,MP020,Maharashtra,Pune,2025-26,Solar street lights,"Solar street lights at ward 17, Pune",IA014,V006,2497358,4495000,2997000,100,completed,2023-12-28,2024-03-15,2024-04-02,2024-05-06,2024-12-24,,False
W00237,MP024,Tamil Nadu,Coimbatore,2024-25,School classroom block,"School classroom block at ward 14, Coimbatore",IA013,V013,1641000,1660000,1557000,100,completed,2024-05-15,2024-07-04,2024-08-09,2024-07-28,2025-04-13,IMG_W00237,True
W00238,MP004,Karnataka,Hubli,2023-24,Solar street lights,"Solar street lights at ward 40, Hubli",IA027,V008,812000,803000,788000,100,completed,2023-10-19,2023-11-27,2023-12-27,2024-02-29,2024-05-25,IMG_W00238,True
W00239,MP020,Tamil Nadu,Trichy,2025-26,Culvert / drainage,"Culvert / drainage at ward 30, Trichy",IA033,V028,1134000,966000,877000,100,completed,2025-12-06,2026-02-26,2026-04-08,2026-08-14,2026-08-28,IMG_W00239,True
W00240,MP015,Karnataka,Mysuru,2024-25,Solar street lights,"Solar street lights at ward 18, Mysuru",IA027,V048,830000,0,0,0,sanctioned,2025-01-16,2025-02-23,,,,,False
W00241,MP018,Tamil Nadu,Madurai,2023-24,School classroom block,"School classroom block at ward 10, Madurai",IA006,V025,1086000,0,0,0,sanctioned,2023-12-03,2024-01-23,,,,,False
W00242,MP010,Tamil Nadu,Coimbatore,2025-26,Drinking water - borewell,"Drinking water - borewell at ward 12, Coimbatore",IA013,V051,423000,415000,399000,100,completed,2025-12-15,2026-03-14,2026-03-30,2026-07-16,2027-01-05,IMG_W00242,True
W00243,MP001,Karnataka,Belagavi,2023-24,Solar street lights,"Solar street lights at ward 36, Belagavi",IA007,V023,458000,891000,395000,100,completed,2023-09-18,2023-11-26,2024-01-08,2024-05-03,2024-10-24,IMG_W00243,True
W00244,MP011,Maharashtra,Thane,2024-25,Culvert / drainage,"Culvert / drainage at ward 27, Mysuru",IA034,V059,1459000,1280000,1278000,100,completed,2023-05-30,2023-07-19,2023-08-13,2023-10-29,2024-05-20,IMG_W00244,True
W00245,MP021,Karnataka,Mysuru,2025-26,Drinking water - borewell,"Drinking water - borewell at ward 16, Mysuru",IA029,V030,779000,318000,278000,39,in_progress,2024-10-25,2024-12-27,2025-02-05,2025-07-27,,,False
W00246,MP019,Tamil Nadu,Chennai,2024-25,Drinking water - borewell,"Drinking water - borewell at ward 12, Chennai",IA037,V017,679000,619000,574000,100,completed,2025-10-05,2025-12-31,2026-02-14,2026-06-19,2026-09-20,IMG_SHARED_1888,True
W00247,MP001,Maharashtra,Thane,2024-25,CC road / paver block,"CC road / paver block at ward 9, Bengaluru",IA034,V059,536000,561000,537000,100,completed,2023-10-01,2023-11-05,2023-12-05,2024-01-18,2024-02-07,IMG_W00247,True
W00248,MP010,Maharashtra,Nashik,2023-24,Community hall,"Community hall at ward 14, Nashik",IA007,V009,1452000,729000,627000,55,in_progress,2025-04-06,2025-05-18,2025-06-10,2025-10-02,,,False
W00249,MP025,Maharashtra,Thane,2025-26,e-Library,"e-Library at ward 17, Thane",IA040,V036,553000,517000,484000,100,completed,2023-09-02,2023-10-28,2023-12-06,2024-03-22,2024-04-21,IMG_W00249,True
W00250,MP002,Maharashtra,Nashik,2024-25,CC road / paver block,"CC road / paver block at ward 15, Nashik",IA011,V009,633000,406000,375000,61,in_progress,2023-10-02,2023-12-21,2024-02-01,2024-08-06,,,False
W00251,MP020,Karnataka,Mysuru,2024-25,Culvert / drainage,"Culvert / drainage at ward 35, Mysuru",IA033,V025,652000,662000,609000,100,completed,2025-04-06,2025-06-11,2025-07-18,2025-12-31,2025-09-20,IMG_W00251,True
W00252,MP011,Tamil Nadu,Chennai,2025-26,Drinking water - borewell,"Drinking water - borewell at ward 35, Chennai",IA002,V009,501000,385000,320000,86,in_progress,2023-12-11,2024-03-03,2024-04-09,2024-06-05,,,False
W00253,MP005,Karnataka,Bengaluru,2025-26,e-Library,"e-Library at ward 28, Bengaluru",IA021,V028,810000,323000,287000,37,in_progress,2023-12-01,2024-01-13,2024-02-21,2024-06-29,,,False
W00254,MP021,Karnataka,Belagavi,2023-24,Solar street lights,"Solar street lights at ward 5, Belagavi",IA027,V031,442000,440000,434000,100,completed,2024-10-15,2024-12-02,2024-12-26,2025-04-14,2025-05-03,IMG_W00254,True
W00255,MP004,Maharashtra,Thane,2024-25,e-Library,"e-Library at ward 21, Nashik",IA034,V059,1709000,1756000,1653000,100,completed,2024-07-17,2024-08-16,2024-09-12,2025-01-20,2024-11-28,IMG_W00255,True
W00256,MP021,Maharashtra,Pune,2024-25,e-Library,"e-Library at ward 24, Pune",IA033,V038,1227000,478000,366000,40,in_progress,2024-07-11,2024-08-29,2024-09-20,2024-11-29,,,False
W00257,MP002,Karnataka,Hubli,2023-24,e-Library,"e-Library at ward 34, Hubli",IA027,V058,1564000,946000,698000,61,in_progress,2024-06-23,2024-07-23,2024-09-01,2025-01-18,,,False
W00258,MP012,Maharashtra,Pune,2025-26,Culvert / drainage,"Culvert / drainage at ward 8, Pune",IA022,V016,1363000,1011000,925000,71,in_progress,2023-09-09,2023-12-06,2024-01-08,2024-05-11,,,False
W00259,MP012,Karnataka,Mysuru,2024-25,Solar street lights,"Solar street lights at ward 36, Mysuru",IA017,V035,342000,340000,313000,100,completed,2023-12-28,2024-02-15,2024-03-05,2024-08-26,2024-05-31,IMG_W00259,True
W00260,MP002,Karnataka,Bengaluru,2024-25,e-Library,"e-Library at ward 9, Bengaluru",IA026,V029,1750000,0,0,0,sanctioned,2026-01-15,2026-03-08,,,,,False
W00261,MP013,Tamil Nadu,Trichy,2024-25,School classroom block,"School classroom block at ward 36, Trichy",IA015,V045,2829000,828000,2737000,12,in_progress,2026-01-05,2026-02-22,2026-04-04,2026-09-03,,,False
W00262,MP002,Maharashtra,Nashik,2023-24,School classroom block,"School classroom block at ward 2, Nashik",IA012,V055,2117000,1854000,1846000,100,completed,2025-04-17,2025-06-01,2025-07-10,2025-08-26,2026-01-26,IMG_W00262,True
W00263,MP010,Maharashtra,Nashik,2023-24,e-Library,"e-Library at ward 33, Nashik",IA023,V030,1216000,2771000,415000,32,in_progress,2024-09-29,2024-11-23,2025-01-06,2025-05-24,,,False
W00264,MP017,Tamil Nadu,Salem,2025-26,e-Library,"e-Library at ward 6, Salem",IA025,V057,1848000,1872000,1842000,100,completed,2025-08-31,2025-11-27,2026-01-01,2026-04-22,2026-03-23,IMG_W00264,True
W00265,MP004,Maharashtra,Thane,2024-25,Public toilet block,"Public toilet block at ward 6, Thane",IA040,V037,332000,342000,319000,100,completed,2023-09-03,2023-11-23,2023-12-25,2024-04-19,2024-04-11,,False
W00266,MP018,Maharashtra,Thane,2025-26,Public toilet block,"Public toilet block at ward 39, Thane",IA017,V022,771000,706000,1154000,100,completed,2023-04-25,2023-05-27,2023-07-09,2023-10-14,2023-10-31,IMG_W00266,True
W00267,MP024,Karnataka,Bengaluru,2025-26,School classroom block,"School classroom block at ward 32, Bengaluru",IA028,V008,836000,657000,586000,79,in_progress,2023-04-14,2023-05-20,2023-06-07,2023-10-16,,,False
W00268,MP016,Tamil Nadu,Coimbatore,2025-26,CC road / paver block,"CC road / paver block at ward 23, Coimbatore",IA033,V050,1184000,1124000,1052000,100,completed,2023-06-06,2023-08-07,2023-09-09,2024-02-06,2024-05-17,IMG_W00268,True
W00269,MP013,Maharashtra,Nagpur,2023-24,Solar street lights,"Solar street lights at ward 28, Nagpur",IA027,V043,575000,521000,475000,100,completed,2025-07-24,2025-09-01,2025-10-14,2026-01-06,2026-07-24,IMG_W00269,True
W00270,MP010,Maharashtra,Nashik,2023-24,Culvert / drainage,"Culvert / drainage at ward 40, Nashik",IA014,V015,569000,566000,542000,100,completed,2025-06-09,2025-08-28,2025-10-05,2025-11-26,2026-06-20,IMG_W00270,True
W00271,MP009,Tamil Nadu,Chennai,2025-26,CC road / paver block,"CC road / paver block at ward 11, Chennai",IA016,V055,2008000,1984000,1825000,100,completed,2025-10-18,2025-12-03,2026-01-07,2026-05-09,2026-08-06,IMG_W00271,True
W00272,MP016,Maharashtra,Nashik,2024-25,Public toilet block,"Public toilet block at ward 11, Nashik",IA019,V003,490000,343000,259000,67,in_progress,2023-05-30,2023-07-06,2023-07-26,2023-09-16,,,False
W00273,MP011,Maharashtra,Nagpur,2024-25,School classroom block,"School classroom block at ward 19, Nagpur",IA028,V058,2342000,1269000,1011000,63,in_progress,2025-07-17,2025-10-05,2025-11-13,2026-01-01,,,False
W00274,MP008,Tamil Nadu,Chennai,2025-26,e-Library,"e-Library at ward 27, Chennai",IA012,V056,1436000,1376000,1327000,100,completed,2023-06-22,2023-09-15,2023-10-02,2024-01-16,2024-02-04,IMG_W00274,True
W00275,MP025,Tamil Nadu,Trichy,2023-24,Solar street lights,"Solar street lights at ward 40, Trichy",IA037,V006,778000,401000,335000,48,in_progress,2023-08-31,2023-10-26,2023-11-13,2024-03-01,,,False
W00276,MP022,Maharashtra,Thane,2023-24,Public toilet block,"Public toilet block at ward 31, Hubli",IA034,V059,998000,988000,968000,100,completed,2024-05-28,2024-08-21,2024-09-29,2025-01-03,2024-12-21,,False
W00277,MP023,Karnataka,Bengaluru,2024-25,School classroom block,"School classroom block at ward 11, Bengaluru",IA038,V060,2495417,4492000,2995000,100,completed,2025-10-30,2026-01-27,2026-02-26,2026-06-27,2026-07-21,,False
W00278,MP006,Tamil Nadu,Salem,2025-26,Solar street lights,"Solar street lights at ward 7, Salem",IA029,V052,599000,607000,560000,100,completed,2025-05-23,2025-08-18,2025-10-01,2026-02-13,2026-06-25,IMG_W00278,True
W00279,MP005,Tamil Nadu,Chennai,2023-24,Culvert / drainage,"Culvert / drainage at ward 24, Chennai",IA035,V027,1057000,0,0,0,sanctioned,2023-04-23,2023-06-25,,,,,False
W00280,MP017,Tamil Nadu,Trichy,2023-24,e-Library,"e-Library at ward 10, Trichy",IA027,V021,1043000,357000,262000,33,in_progress,2025-06-05,2025-08-04,2025-08-23,2025-07-29,,,False
W00281,MP023,Maharashtra,Nagpur,2024-25,e-Library,"e-Library at ward 27, Nagpur",IA007,V009,1914000,1843000,1819000,100,completed,2025-07-10,2025-08-18,2025-09-29,2026-04-16,2025-12-25,,False
W00282,MP009,Karnataka,Belagavi,2025-26,Culvert / drainage,"Culvert / drainage at ward 6, Belagavi",IA007,V030,602000,152000,117000,23,in_progress,2025-01-08,2025-03-15,2025-04-16,2025-09-25,,,False
W00283,MP024,Tamil Nadu,Chennai,2024-25,e-Library,"e-Library at ward 32, Chennai",IA024,V011,1507000,498000,406000,33,in_progress,2025-07-19,2025-08-30,2025-09-28,2026-01-25,,,False
W00284,MP022,Maharashtra,Nagpur,2025-26,CC road / paver block,"CC road / paver block at ward 32, Nagpur",IA030,V057,1705000,1738000,1628000,100,completed,2024-04-21,2024-06-22,2024-07-10,2024-06-24,2024-10-31,IMG_W00284,True
W00285,MP005,Karnataka,Belagavi,2025-26,Solar street lights,"Solar street lights at ward 23, Belagavi",IA019,V013,366000,337000,333000,100,completed,2025-01-14,2025-02-17,2025-03-10,2025-07-07,2025-11-09,IMG_SHARED_8978,True
W00286,MP015,Karnataka,Bengaluru,2024-25,School classroom block,"School classroom block at ward 24, Bengaluru",IA028,V054,1524000,544000,532000,35,in_progress,2024-11-30,2025-02-12,2025-03-21,2025-07-09,,,False
W00287,MP010,Karnataka,Mysuru,2023-24,Public toilet block,"Public toilet block at ward 16, Mysuru",IA008,V032,447000,400000,366000,100,completed,2024-05-28,2024-08-08,2024-09-12,2025-01-31,2025-01-30,IMG_W00287,True
W00288,MP020,Tamil Nadu,Trichy,2024-25,e-Library,"e-Library at ward 17, Trichy",IA003,V049,1218000,1111000,1057000,100,completed,2023-09-03,2023-10-22,2023-11-27,2024-03-28,2024-03-27,IMG_SHARED_8978,True
W00289,MP024,Tamil Nadu,Salem,2025-26,Culvert / drainage,"Culvert / drainage at ward 21, Salem",IA009,V046,840000,1604000,737000,100,completed,2025-01-16,2025-03-15,2025-04-22,2025-09-11,2025-08-22,IMG_W00289,True
W00290,MP007,Maharashtra,Nashik,2023-24,Solar street lights,"Solar street lights at ward 21, Nashik",IA003,V011,564000,0,0,0,sanctioned,2024-08-04,2024-10-13,,,,,False
W00291,MP002,Maharashtra,Pune,2024-25,Drinking water - borewell,"Drinking water - borewell at ward 29, Pune",IA032,V017,726000,645000,633000,100,completed,2024-04-07,2024-06-08,2024-06-24,2025-01-06,2025-03-31,IMG_W00291,True
W00292,MP023,Karnataka,Mysuru,2023-24,Solar street lights,"Solar street lights at ward 17, Mysuru",IA002,V050,750000,769000,693000,100,completed,2023-06-19,2023-09-13,2023-10-27,2024-01-09,2024-04-03,IMG_W00292,True
W00293,MP009,Maharashtra,Nagpur,2024-25,School classroom block,"School classroom block at ward 30, Nagpur",IA022,V007,956000,385000,274000,44,in_progress,2024-07-09,2024-09-18,2024-10-30,2025-03-04,,,False
W00294,MP003,Maharashtra,Nashik,2023-24,Solar street lights,"Solar street lights at ward 32, Nashik",IA037,V016,470000,124000,103000,26,in_progress,2024-05-24,2024-08-04,2024-08-23,2024-10-30,,,False
W00295,MP022,Karnataka,Bengaluru,2023-24,Community hall,"Community hall at ward 26, Bengaluru",IA021,V009,1674000,1686000,1647000,100,completed,2025-06-11,2025-08-09,2025-09-12,2025-11-13,2026-01-19,IMG_W00295,True
W00296,MP020,Karnataka,Mysuru,2024-25,Drinking water - borewell,"Drinking water - borewell at ward 32, Mysuru",IA033,V025,784000,403000,298000,60,in_progress,2023-10-28,2023-12-12,2024-01-22,2024-03-30,,,False
W00297,MP022,Tamil Nadu,Trichy,2025-26,Drinking water - borewell,"Drinking water - borewell at ward 12, Trichy",IA004,V006,590000,566000,541000,100,completed,2023-04-18,2023-06-03,2023-07-03,2023-11-13,2024-01-22,IMG_W00297,True
W00298,MP002,Karnataka,Mysuru,2025-26,Public toilet block,"Public toilet block at ward 26, Mysuru",IA027,V040,887000,818000,754000,100,completed,2025-10-05,2025-11-11,2025-12-11,2026-03-27,2026-06-16,IMG_W00298,True
W00299,MP010,Maharashtra,Thane,2023-24,School classroom block,"School classroom block at ward 32, Thane",IA033,V023,2649000,1662000,1342000,61,in_progress,2024-04-13,2024-05-25,2024-06-21,2024-09-14,,,False
W00300,MP016,Maharashtra,Pune,2025-26,e-Library,"e-Library at ward 5, Pune",IA017,V037,1114000,709000,513000,72,in_progress,2025-12-15,2026-02-05,2026-02-25,2026-06-05,,,False
W00301,MP014,Tamil Nadu,Trichy,2023-24,CC road / paver block,"CC road / paver block at ward 40, Trichy",IA031,V018,991000,912000,864000,100,completed,2023-11-19,2024-01-02,2024-02-04,2024-03-16,2024-08-22,IMG_W00301,True
W00302,MP021,Tamil Nadu,Trichy,2023-24,e-Library,"e-Library at ward 13, Trichy",IA014,V019,1361000,0,0,0,sanctioned,2024-04-14,2024-06-26,,,,,False
W00303,MP022,Karnataka,Bengaluru,2025-26,CC road / paver block,"CC road / paver block at ward 9, Bengaluru",IA006,V054,1839000,1774000,1658000,100,completed,2024-07-26,2024-09-05,2024-09-27,2024-11-02,2025-05-23,IMG_W00303,True
W00304,MP014,Tamil Nadu,Trichy,2024-25,Drinking water - borewell,"Drinking water - borewell at ward 21, Trichy",IA019,V056,625000,607000,547000,100,completed,2023-04-03,2023-06-19,2023-07-12,2023-12-04,2023-12-14,IMG_W00304,True
W00305,MP019,Tamil Nadu,Trichy,2025-26,Solar street lights,"Solar street lights at ward 30, Trichy",IA027,V027,2496596,2479000,298000,100,completed,2025-06-21,2025-08-25,2025-10-03,2026-01-15,2026-03-20,IMG_W00305,True
W00306,MP011,Karnataka,Bengaluru,2024-25,Public toilet block,"Public toilet block at ward 33, Bengaluru",IA026,V021,655000,0,0,0,sanctioned,2024-07-09,2024-09-24,,,,,False
W00307,MP025,Tamil Nadu,Madurai,2024-25,Drinking water - borewell,"Drinking water - borewell at ward 12, Madurai",IA039,V004,227000,219000,210000,100,completed,2024-08-30,2024-11-24,2024-12-31,2025-04-03,2025-09-07,IMG_W00307,True
W00308,MP018,Tamil Nadu,Salem,2025-26,Public toilet block,"Public toilet block at ward 35, Salem",IA018,V058,217000,0,0,0,sanctioned,2023-09-03,2023-10-11,,,,,False
W00309,MP001,Tamil Nadu,Chennai,2023-24,Solar street lights,"Solar street lights at ward 34, Chennai",IA033,V045,284000,298000,297000,100,completed,2025-10-03,2025-11-13,2025-12-21,2026-03-25,2026-08-14,IMG_W00309,True
W00310,MP015,Karnataka,Hubli,2023-24,Culvert / drainage,"Culvert / drainage at ward 35, Hubli",IA011,V040,663000,637000,628000,100,completed,2024-11-10,2025-01-14,2025-02-03,2025-04-30,2025-06-13,,False
W00311,MP007,Maharashtra,Thane,2023-24,School classroom block,"School classroom block at ward 40, Thane",IA014,V010,1325000,1312000,1216000,100,completed,2023-05-14,2023-06-24,2023-07-26,2023-11-29,2023-12-26,IMG_W00311,True
W00312,MP016,Tamil Nadu,Trichy,2023-24,Drinking water - borewell,"Drinking water - borewell at ward 10, Trichy",IA001,V042,639000,649000,636000,100,completed,2023-11-16,2024-02-11,2024-03-10,2024-06-23,2024-08-24,IMG_W00312,True
W00313,MP004,Tamil Nadu,Trichy,2023-24,School classroom block,"School classroom block at ward 4, Trichy",IA038,V039,2485000,2112000,2013000,100,completed,2024-04-23,2024-06-24,2024-07-27,2024-11-20,2025-04-08,IMG_W00313,True
W00314,MP015,Karnataka,Hubli,2023-24,Culvert / drainage,"Culvert / drainage at ward 13, Hubli",IA023,V013,631000,618000,603000,100,completed,2023-05-30,2023-08-23,2023-09-11,2023-10-17,2023-11-29,IMG_W00314,True
W00315,MP019,Tamil Nadu,Chennai,2023-24,Community hall,"Community hall at ward 5, Chennai",IA002,V058,1415000,1105000,1091000,72,in_progress,2023-10-20,2024-01-12,2024-01-30,2024-03-13,,,False
W00316,MP025,Maharashtra,Nashik,2023-24,Community hall,"Community hall at ward 1, Nashik",IA032,V032,2343000,645000,553000,31,in_progress,2024-11-17,2025-01-07,2025-01-24,2025-07-15,,,False
W00317,MP017,Maharashtra,Thane,2024-25,Public toilet block,"Public toilet block at ward 10, Madurai",IA034,V059,202000,201000,185000,100,completed,2025-10-23,2025-12-11,2026-01-23,2026-04-21,2026-06-22,IMG_W00317,True
W00318,MP010,Maharashtra,Pune,2023-24,Community hall,"Community hall at ward 38, Pune",IA012,V004,3158000,0,0,0,sanctioned,2024-12-01,2025-01-03,,,,,False
W00319,MP018,Tamil Nadu,Salem,2025-26,Community hall,"Community hall at ward 18, Salem",IA028,V016,2473000,2346000,2327000,100,completed,2023-10-20,2023-12-10,2024-01-13,2024-05-30,2024-06-03,IMG_W00319,True
W00320,MP001,Karnataka,Bengaluru,2024-25,e-Library,"e-Library at ward 10, Bengaluru",IA036,V057,542000,485000,457000,100,completed,2025-08-22,2025-10-31,2025-11-30,2026-03-03,2026-04-11,IMG_W00320,True
W00321,MP017,Tamil Nadu,Salem,2023-24,School classroom block,"School classroom block at ward 30, Salem",IA028,V057,1753000,1558000,1446000,100,completed,2024-11-20,2025-02-07,2025-02-23,2025-01-17,2025-07-28,IMG_W00321,True
W00322,MP013,Tamil Nadu,Trichy,2023-24,Solar street lights,"Solar street lights at ward 12, Trichy",IA022,V005,552000,486000,471000,100,completed,2025-09-03,2025-10-12,2025-11-17,2026-02-08,2026-05-30,IMG_W00322,True
W00323,MP023,Karnataka,Belagavi,2023-24,CC road / paver block,"CC road / paver block at ward 10, Belagavi",IA031,V018,2428000,1458000,1342000,55,in_progress,2024-11-03,2025-01-18,2025-02-10,2025-03-12,,,False
W00324,MP023,Maharashtra,Nagpur,2023-24,Drinking water - borewell,"Drinking water - borewell at ward 5, Nagpur",IA005,V013,576000,320000,262000,54,in_progress,2025-12-14,2026-02-11,2026-03-28,2026-08-24,,,False
W00325,MP014,Maharashtra,Thane,2024-25,School classroom block,"School classroom block at ward 4, Salem",IA034,V059,2136000,1990000,1959000,100,completed,2025-12-23,2026-02-17,2026-03-27,2026-09-21,2026-09-23,IMG_W00325,True
W00326,MP015,Tamil Nadu,Salem,2023-24,Community hall,"Community hall at ward 35, Salem",IA033,V040,1429000,953000,927000,71,in_progress,2025-12-02,2026-01-18,2026-02-10,2026-03-26,,,False
W00327,MP023,Maharashtra,Nagpur,2024-25,e-Library,"e-Library at ward 10, Nagpur",IA020,V004,1974000,1743000,1594000,100,completed,2023-09-29,2023-11-06,2023-11-25,2024-01-30,2024-09-10,IMG_W00327,True
W00328,MP013,Karnataka,Belagavi,2025-26,School classroom block,"School classroom block at ward 33, Belagavi",IA031,V045,2994000,2927000,2636000,100,completed,2025-09-14,2025-10-18,2025-11-09,2026-02-14,2026-06-24,IMG_W00328,True
W00329,MP021,Maharashtra,Pune,2023-24,Solar street lights,"Solar street lights at ward 36, Pune",IA028,V002,636000,623000,570000,100,completed,2025-06-22,2025-09-19,2025-10-22,2025-12-10,2026-05-19,IMG_W00329,True
W00330,MP005,Maharashtra,Thane,2025-26,School classroom block,"School classroom block at ward 35, Thane",IA003,V027,2612000,4101000,3333000,100,completed,2025-10-04,2025-11-17,2025-12-03,2026-02-07,2026-07-19,IMG_W00330,True
W00331,MP022,Karnataka,Belagavi,2023-24,Solar street lights,"Solar street lights at ward 19, Belagavi",IA015,V008,799000,805000,758000,100,completed,2026-01-13,2026-04-10,2026-04-29,2026-08-16,2026-08-09,IMG_W00331,True
W00332,MP003,Karnataka,Hubli,2023-24,School classroom block,"School classroom block at ward 15, Hubli",IA040,V060,2980000,2762000,1994000,90,in_progress,2024-08-15,2024-10-05,2024-10-23,2025-05-07,,,False
W00333,MP023,Karnataka,Bengaluru,2023-24,Drinking water - borewell,"Drinking water - borewell at ward 24, Bengaluru",IA036,V022,440000,448000,423000,100,completed,2025-09-09,2025-11-07,2025-12-04,2026-05-08,2026-09-20,IMG_W00333,True
W00334,MP001,Maharashtra,Pune,2024-25,Community hall,"Community hall at ward 23, Pune",IA026,V026,2934000,3007000,2947000,100,completed,2025-06-14,2025-09-04,2025-10-03,2026-01-10,2026-05-24,IMG_W00334,True
W00335,MP024,Tamil Nadu,Salem,2024-25,Drinking water - borewell,"Drinking water - borewell at ward 3, Salem",IA036,V022,445000,388000,351000,100,completed,2024-09-22,2024-11-21,2025-01-02,2025-02-08,2025-03-17,IMG_W00335,True
W00336,MP001,Maharashtra,Nashik,2023-24,Solar street lights,"Solar street lights at ward 10, Nashik",IA002,V027,526000,467000,467000,100,completed,2023-06-13,2023-07-19,2023-08-04,2023-09-15,2023-12-10,IMG_W00336,True
W00337,MP020,Karnataka,Bengaluru,2023-24,e-Library,"e-Library at ward 37, Bengaluru",IA020,V058,1203000,1041000,990000,100,completed,2023-09-24,2023-12-17,2024-01-16,2024-05-30,2024-04-15,IMG_W00337,True
W00338,MP019,Karnataka,Hubli,2025-26,e-Library,"e-Library at ward 20, Hubli",IA037,V007,585000,584000,553000,100,completed,2024-06-28,2024-09-24,2024-10-11,2024-12-03,2025-06-13,IMG_W00338,True
W00339,MP001,Karnataka,Hubli,2024-25,School classroom block,"School classroom block at ward 32, Hubli",IA027,V051,2491350,2404000,1384000,100,completed,2023-09-16,2023-10-29,2023-11-16,2024-04-04,2024-02-17,IMG_W00339,True
W00340,MP017,Maharashtra,Thane,2025-26,Culvert / drainage,"Culvert / drainage at ward 32, Nagpur",IA034,V059,1413000,858000,809000,64,in_progress,2025-08-19,2025-09-29,2025-11-01,2026-01-04,,,False
W00341,MP006,Karnataka,Belagavi,2024-25,Community hall,"Community hall at ward 20, Belagavi",IA008,V051,2884000,2196000,2079000,78,in_progress,2024-05-03,2024-06-08,2024-07-11,2024-12-03,,,False
W00342,MP006,Maharashtra,Pune,2023-24,School classroom block,"School classroom block at ward 2, Pune",IA022,V057,2463000,2584000,2414000,100,completed,2026-01-16,2026-02-18,2026-03-11,2026-08-29,2026-10-31,IMG_W00342,True
W00343,MP022,Maharashtra,Nashik,2024-25,e-Library,"e-Library at ward 40, Nashik",IA037,V051,549000,0,0,0,sanctioned,2023-08-12,2023-10-13,,,,,False
W00344,MP003,Karnataka,Belagavi,2024-25,e-Library,"e-Library at ward 26, Belagavi",IA003,V050,1192000,0,0,0,sanctioned,2025-12-04,2026-02-20,,,,,False
W00345,MP010,Tamil Nadu,Trichy,2025-26,Drinking water - borewell,"Drinking water - borewell at ward 15, Trichy",IA034,V024,548000,501000,484000,100,completed,2025-12-26,2026-02-26,2026-04-04,2026-05-20,2026-10-25,IMG_W00345,True
W00346,MP005,Karnataka,Bengaluru,2024-25,e-Library,"e-Library at ward 28, Bengaluru",IA018,V023,1423000,1410000,1305000,100,completed,2025-11-23,2026-01-30,2026-03-12,2026-08-22,2026-12-15,IMG_W00346,True
W00347,MP014,Tamil Nadu,Madurai,2025-26,School classroom block,"School classroom block at ward 27, Madurai",IA007,V033,3495000,0,0,0,sanctioned,2025-07-14,2025-09-18,,,,,False
W00348,MP008,Tamil Nadu,Chennai,2023-24,Community hall,"Community hall at ward 24, Chennai",IA033,V014,2233000,2150000,1941000,100,completed,2024-09-16,2024-10-24,2024-11-25,2025-05-12,2025-04-21,IMG_W00348,True
W00349,MP017,Tamil Nadu,Trichy,2023-24,Culvert / drainage,"Culvert / drainage at ward 18, Trichy",IA005,V049,547000,472000,437000,100,completed,2024-11-07,2025-01-14,2025-02-04,2025-01-26,2025-06-19,IMG_W00349,True
W00350,MP006,Maharashtra,Thane,2023-24,Solar street lights,"Solar street lights at ward 29, Thane",IA031,V023,758000,170000,165000,23,in_progress,2025-04-09,2025-06-21,2025-08-03,2025-09-16,,,False
W00351,MP014,Maharashtra,Thane,2023-24,e-Library,"e-Library at ward 6, Thane",IA018,V036,881000,847000,789000,100,completed,2025-07-05,2025-08-28,2025-09-28,2026-04-12,2026-03-28,IMG_W00351,True
W00352,MP006,Karnataka,Bengaluru,2025-26,School classroom block,"School classroom block at ward 22, Bengaluru",IA028,V052,1276000,1100000,1005000,100,completed,2023-11-28,2024-02-16,2024-03-19,2024-07-22,2024-09-08,IMG_W00352,True
W00353,MP019,Maharashtra,Nagpur,2023-24,CC road / paver block,"CC road / paver block at ward 25, Nagpur",IA011,V005,1794000,0,0,0,sanctioned,2025-01-08,2025-02-25,,,,,False
W00354,MP008,Tamil Nadu,Madurai,2024-25,Drinking water - borewell,"Drinking water - borewell at ward 29, Madurai",IA022,V027,2495708,4492000,2995000,100,completed,2024-06-04,2024-09-02,2024-09-28,2025-02-15,2024-12-20,,False
W00355,MP019,Karnataka,Hubli,2023-24,e-Library,"e-Library at ward 27, Hubli",IA022,V008,1669000,1276000,1274000,82,in_progress,2025-09-30,2025-11-22,2025-12-31,2026-06-03,,,False
W00356,MP007,Maharashtra,Nagpur,2024-25,Drinking water - borewell,"Drinking water - borewell at ward 23, Nagpur",IA027,V060,2496934,2296000,342000,100,completed,2024-09-07,2024-10-25,2024-11-25,2025-03-26,2025-09-06,IMG_W00356,True
W00357,MP004,Karnataka,Bengaluru,2023-24,School classroom block,"School classroom block at ward 29, Bengaluru",IA023,V009,1034000,0,0,0,sanctioned,2023-05-23,2023-07-05,,,,,False
W00358,MP001,Tamil Nadu,Trichy,2024-25,CC road / paver block,"CC road / paver block at ward 38, Trichy",IA002,V049,1575000,1105000,1024000,71,in_progress,2024-12-16,2025-01-26,2025-02-14,2025-05-14,,,False
W00359,MP018,Karnataka,Mysuru,2024-25,Solar street lights,"Solar street lights at ward 40, Mysuru",IA020,V025,807000,788000,787000,100,completed,2023-11-12,2024-01-04,2024-02-03,2024-03-21,2024-06-17,IMG_W00359,True
W00360,MP003,Maharashtra,Nagpur,2023-24,School classroom block,"School classroom block at ward 18, Nagpur",IA040,V035,1762000,0,0,0,sanctioned,2025-10-06,2025-12-13,,,,,False
W00361,MP009,Karnataka,Belagavi,2023-24,e-Library,"e-Library at ward 40, Belagavi",IA030,V040,1061000,324000,245000,33,in_progress,2024-06-10,2024-07-23,2024-08-10,2025-01-13,,,False
W00362,MP007,Karnataka,Bengaluru,2024-25,Public toilet block,"Public toilet block at ward 36, Bengaluru",IA009,V020,845000,757000,717000,100,completed,2024-05-14,2024-07-22,2024-08-09,2025-02-10,2024-11-13,IMG_W00362,True
W00363,MP010,Karnataka,Mysuru,2025-26,CC road / paver block,"CC road / paver block at ward 14, Mysuru",IA033,V046,1349000,926000,675000,68,in_progress,2024-08-03,2024-09-07,2024-10-05,2024-11-12,,,False
W00364,MP022,Tamil Nadu,Madurai,2023-24,Culvert / drainage,"Culvert / drainage at ward 2, Madurai",IA029,V050,714000,522000,425000,75,in_progress,2024-06-13,2024-07-16,2024-08-12,2024-09-15,,,False
W00365,MP013,Karnataka,Belagavi,2025-26,School classroom block,"School classroom block at ward 9, Belagavi",IA002,V040,2855000,0,0,0,sanctioned,2024-05-29,2024-08-25,,,,,False
W00366,MP024,Maharashtra,Nashik,2024-25,Solar street lights,"Solar street lights at ward 2, Nashik",IA004,V043,496000,283000,245000,59,in_progress,2024-08-02,2024-09-09,2024-10-21,2025-04-16,,,False
W00367,MP004,Tamil Nadu,Trichy,2024-25,Culvert / drainage,"Culvert / drainage at ward 12, Trichy",IA028,V014,809000,690000,667000,100,completed,2024-11-17,2024-12-22,2025-02-03,2025-04-21,2025-10-02,IMG_W00367,True
W00368,MP009,Maharashtra,Pune,2023-24,Drinking water - borewell,"Drinking water - borewell at ward 25, Pune",IA003,V051,249000,257000,254000,100,completed,2023-09-21,2023-12-16,2024-01-08,2024-02-07,2024-04-04,IMG_W00368,True
W00369,MP005,Maharashtra,Pune,2023-24,Community hall,"Community hall at ward 30, Pune",IA011,V029,3380000,3461000,3212000,100,completed,2024-10-24,2025-01-19,2025-02-18,2025-08-17,2025-11-09,IMG_W00369,True
W00370,MP018,Karnataka,Hubli,2024-25,Community hall,"Community hall at ward 38, Hubli",IA001,V011,2074000,1875000,1819000,100,completed,2024-09-10,2024-11-28,2025-01-07,2025-05-09,2025-07-29,IMG_SHARED_1888,True
W00371,MP024,Tamil Nadu,Madurai,2024-25,e-Library,"e-Library at ward 1, Madurai",IA027,V038,1829000,1724000,1684000,100,completed,2023-08-04,2023-09-30,2023-10-29,2024-03-03,2024-03-30,IMG_W00371,True
W00372,MP009,Maharashtra,Nagpur,2023-24,School classroom block,"School classroom block at ward 3, Nagpur",IA009,V031,1579000,1294000,986000,81,in_progress,2023-09-17,2023-11-26,2023-12-11,2024-05-11,,,False
W00373,MP013,Karnataka,Belagavi,2023-24,e-Library,"e-Library at ward 24, Belagavi",IA004,V021,632000,564000,532000,100,completed,2024-09-05,2024-10-07,2024-11-04,2025-02-19,2025-03-02,IMG_W00373,True
W00374,MP018,Tamil Nadu,Coimbatore,2023-24,Culvert / drainage,"Culvert / drainage at ward 6, Coimbatore",IA017,V056,421000,195000,144000,46,in_progress,2023-08-07,2023-10-14,2023-11-27,2024-06-09,,,False
W00375,MP008,Karnataka,Mysuru,2023-24,CC road / paver block,"CC road / paver block at ward 29, Mysuru",IA006,V030,1952000,2013000,1988000,100,completed,2025-12-15,2026-02-28,2026-04-13,2026-09-19,2026-12-30,IMG_W00375,True
W00376,MP023,Karnataka,Bengaluru,2023-24,Drinking water - borewell,"Drinking water - borewell at ward 33, Bengaluru",IA027,V041,561000,588000,581000,100,completed,2025-11-08,2025-12-28,2026-01-19,2026-06-21,2026-10-31,IMG_W00376,True
W00377,MP013,Karnataka,Hubli,2024-25,School classroom block,"School classroom block at ward 5, Hubli",IA016,V022,2887000,2658000,2451000,100,completed,2025-11-24,2026-02-06,2026-03-21,2026-05-07,2026-10-21,IMG_W00377,True
W00378,MP009,Maharashtra,Pune,2023-24,e-Library,"e-Library at ward 34, Pune",IA014,V058,530000,454000,450000,100,completed,2025-09-28,2025-11-12,2025-12-07,2026-04-22,2026-05-20,IMG_W00378,True
W00379,MP007,Karnataka,Hubli,2025-26,Drinking water - borewell,"Drinking water - borewell at ward 14, Hubli",IA025,V047,610000,605000,603000,100,completed,2025-06-09,2025-08-22,2025-10-02,2025-11-04,2026-07-02,IMG_W00379,True
W00380,MP010,Tamil Nadu,Chennai,2024-25,Public toilet block,"Public toilet block at ward 2, Chennai",IA009,V057,755000,698000,635000,100,completed,2023-12-31,2024-03-04,2024-04-08,2024-06-19,2024-06-12,IMG_W00380,True
W00381,MP002,Karnataka,Bengaluru,2023-24,e-Library,"e-Library at ward 12, Bengaluru",IA030,V059,1527000,0,0,0,sanctioned,2025-12-31,2026-03-02,,,,,False
W00382,MP014,Tamil Nadu,Salem,2024-25,Solar street lights,"Solar street lights at ward 34, Salem",IA003,V018,276000,269000,265000,100,completed,2025-06-12,2025-07-16,2025-08-23,2025-11-05,2026-03-28,IMG_W00382,True
W00383,MP015,Karnataka,Mysuru,2023-24,CC road / paver block,"CC road / paver block at ward 1, Mysuru",IA033,V054,2264000,0,0,0,sanctioned,2025-08-02,2025-09-03,,,,,False
W00384,MP006,Tamil Nadu,Salem,2024-25,Public toilet block,"Public toilet block at ward 15, Salem",IA009,V024,2496642,4494000,2996000,74,in_progress,2024-10-01,2024-11-14,2024-12-15,2025-06-13,,,False
W00385,MP011,Tamil Nadu,Chennai,2024-25,e-Library,"e-Library at ward 35, Chennai",IA027,V050,2496156,2322000,1220000,100,completed,2025-09-05,2025-11-16,2025-12-07,2026-04-20,2026-06-14,IMG_W00385,True
W00386,MP010,Tamil Nadu,Trichy,2025-26,CC road / paver block,"CC road / paver block at ward 10, Trichy",IA024,V022,523000,483000,458000,100,completed,2025-06-04,2025-07-24,2025-08-20,2025-12-27,2025-11-17,IMG_W00386,True
W00387,MP025,Maharashtra,Nashik,2025-26,School classroom block,"School classroom block at ward 16, Nashik",IA015,V060,1999000,1732000,1669000,100,completed,2026-01-17,2026-02-20,2026-03-18,2026-07-23,2026-07-17,IMG_W00387,True
W00388,MP004,Maharashtra,Nashik,2023-24,Culvert / drainage,"Culvert / drainage at ward 17, Nashik",IA028,V016,910000,317000,250000,35,in_progress,2024-01-26,2024-04-06,2024-04-23,2024-11-09,,,False
W00389,MP014,Maharashtra,Thane,2025-26,Solar street lights,"Solar street lights at ward 2, Pune",IA034,V059,884000,753000,599000,82,in_progress,2024-05-19,2024-08-06,2024-09-07,2025-02-28,,,False
W00390,MP009,Tamil Nadu,Coimbatore,2024-25,e-Library,"e-Library at ward 38, Coimbatore",IA014,V047,1445000,1317000,1244000,100,completed,2025-01-20,2025-03-15,2025-04-28,2025-10-02,2026-02-04,IMG_W00390,True
W00391,MP005,Maharashtra,Pune,2023-24,e-Library,"e-Library at ward 31, Pune",IA019,V011,1791000,1587000,1585000,100,completed,2024-04-07,2024-06-15,2024-07-13,2024-09-26,2024-11-22,IMG_W00391,True
W00392,MP018,Maharashtra,Thane,2023-24,Solar street lights,"Solar street lights at ward 17, Chennai",IA034,V059,2496728,2480000,615000,100,completed,2025-09-22,2025-12-11,2026-01-04,2026-06-17,2026-04-06,,False
W00393,MP001,Karnataka,Mysuru,2025-26,Solar street lights,"Solar street lights at ward 12, Mysuru",IA019,V005,499000,436000,430000,100,completed,2026-01-24,2026-03-28,2026-05-05,2026-11-16,2026-10-18,IMG_W00393,True
W00394,MP020,Maharashtra,Thane,2024-25,Public toilet block,"Public toilet block at ward 26, Belagavi",IA034,V059,2497413,4495000,2997000,0,sanctioned,2023-10-05,2024-01-02,,,,,False
W00395,MP004,Maharashtra,Pune,2023-24,Public toilet block,"Public toilet block at ward 4, Pune",IA022,V017,268000,281000,279000,100,completed,2026-01-10,2026-02-14,2026-03-04,2026-04-10,2026-08-16,IMG_W00395,True
W00396,MP020,Maharashtra,Thane,2025-26,Public toilet block,"Public toilet block at ward 8, Thane",IA017,V051,642000,631000,580000,100,completed,2025-08-05,2025-09-28,2025-10-18,2026-01-24,2025-12-27,IMG_W00396,True
W00397,MP001,Karnataka,Hubli,2024-25,Public toilet block,"Public toilet block at ward 27, Hubli",IA001,V042,835000,848000,793000,100,completed,2025-12-28,2026-02-19,2026-03-07,2026-05-21,2026-08-19,IMG_W00397,True
W00398,MP001,Maharashtra,Nashik,2023-24,School classroom block,"School classroom block at ward 11, Nashik",IA038,V025,2626000,668000,557000,29,in_progress,2025-07-29,2025-10-22,2025-11-19,2026-02-20,,,False
W00399,MP010,Karnataka,Hubli,2024-25,Solar street lights,"Solar street lights at ward 26, Hubli",IA020,V059,647000,229000,222000,34,in_progress,2023-05-15,2023-08-06,2023-09-06,2023-11-26,,,False
W00400,MP009,Maharashtra,Pune,2025-26,e-Library,"e-Library at ward 3, Pune",IA004,V042,1023000,346000,286000,31,in_progress,2024-10-27,2024-11-26,2024-12-26,2025-05-16,,,False
W00401,MP019,Maharashtra,Thane,2025-26,Community hall,"Community hall at ward 8, Madurai",IA034,V059,1540846,583000,512000,44,in_progress,2025-04-22,2025-06-25,2025-07-31,2025-11-22,,,False
W00402,MP008,Maharashtra,Thane,2025-26,School classroom block,"School classroom block at ward 19, Thane",IA004,V024,1852720,1933000,1804000,100,completed,2024-09-26,2024-12-04,2025-01-05,2025-04-08,2025-06-02,IMG_W00402,True
W00403,MP008,Tamil Nadu,Coimbatore,2023-24,School classroom block,"School classroom block at ward 23, Coimbatore",IA035,V058,1138610,1181000,1072000,100,completed,2023-04-04,2023-07-03,2023-07-29,2023-12-28,2023-11-02,IMG_W00403,True
W00404,MP009,Maharashtra,Nagpur,2024-25,School classroom block,"School classroom block at ward 30, Nagpur",IA022,V007,956789,385000,274000,44,in_progress,2024-07-09,2024-09-18,2024-10-30,2025-03-04,,,False
W00405,MP008,Karnataka,Mysuru,2023-24,CC road / paver block,"CC road / paver block at ward 29, Mysuru",IA006,V030,1948980,2013000,1988000,100,completed,2025-12-15,2026-02-28,2026-04-13,2026-09-19,2026-12-30,IMG_W00405,True
W00406,MP003,Tamil Nadu,Salem,2024-25,Solar street lights,"Solar street lights at ward 21, Salem",IA005,V055,538949,521000,503000,100,completed,2024-08-25,2024-09-30,2024-11-04,2024-12-25,2025-07-12,IMG_W00406,True
